<Actor Type="Level10_MarrowFloor" ActorPrototypeName="ActorPrototype_Level10_MarrowFloor">
	<PositionComponent>
		<!-- DEFINED IN CODE -->
		<Position x="-1" y="-1" /> 
	</PositionComponent>
	<ActorRenderComponent>
		<ZCoord>0</ZCoord>
		<Visible>true</Visible>
		<Mirrored>false</Mirrored>
		<Inverted>false</Inverted>
		<ImagePath>/LEVEL10/IMAGES/TRAPELEVATOR/*</ImagePath>
		<Palette>/LEVEL10/PALETTES/MAIN.PAL</Palette>
	</ActorRenderComponent>
	<MarrowFloorComponent>
	</MarrowFloorComponent>
	<PhysicsComponent>
        <BodyType>Static</BodyType>	
        <HasFootSensor>false</HasFootSensor>
        <HasCapsuleShape>false</HasCapsuleShape>
        <HasBulletBehaviour>false</HasBulletBehaviour>
        <HasSensorBehaviour>false</HasSensorBehaviour>
        <FixtureType>Ground</FixtureType>
        <PositionOffset x="0" y="0" />
        <CollisionShape>Rectangle</CollisionShape>
        <CollisionSize width="0" height="0" /> <!-- SET ACCORDING TO IMAGE IN PHYSICS COMPONENT -->
        <GravityScale>1.000000</GravityScale>
        <HasInitialSpeed>false</HasInitialSpeed>
        <HasInitialImpulse>false</HasInitialImpulse>
        <InitialSpeed x="0" y="0" />
        <CollisionFlag>1</CollisionFlag>
        <CollisionMask>4294967295</CollisionMask>
        <Friction>0.000000</Friction>
        <Density>0.000000</Density>
        <Restitution>0.000000</Restitution>
        <PrefabType></PrefabType>
    </PhysicsComponent>
</Actor>