<Actor Type="Level2_CannonBall_Projectile" Parent="ActorPrototype_BaseProjectile" ActorPrototypeName="ActorPrototype_Level2_CannonBall">
	<ActorRenderComponent>
		<ImagePath>/LEVEL2/IMAGES/CANNONBALL/*</ImagePath>
	</ActorRenderComponent>
	<AnimationComponent>
		<SpecialAnimation>
			<Type>cycle</Type>
			<FrameDuration>75</FrameDuration>
			<HasPositionDelay>false</HasPositionDelay>
		</SpecialAnimation>
	</AnimationComponent>
	<ProjectileAIComponent>
		<Damage>25</Damage>
		<ProjectileType>DamageType_Bullet</ProjectileType>
		<!-- CAN BE MODIFIED IN CODE -->
		<ProjectileSpeed x="9.500000" y="0.000000" /> 
	</ProjectileAIComponent>
	<PhysicsComponent>
        <CollisionFlag>262144</CollisionFlag>
        <CollisionMask>258</CollisionMask>
		<CollisionSize width="25" height="25" /> 
    </PhysicsComponent>
</Actor>