<Actor Type="Level2_PunkRat" Parent="ActorPrototype_BaseEnemy" ActorPrototypeName="ActorPrototype_Level2_PunkRat">
    <ActorRenderComponent>
        <ImagePath>/LEVEL2/IMAGES/PUNKRAT/*</ImagePath>
        <Palette>/LEVEL2/PALETTES/MAIN.PAL</Palette>
    </ActorRenderComponent>
    <AnimationComponent>
        <AnimationPath>/LEVEL2/ANIS/PUNKRAT/*</AnimationPath>
    </AnimationComponent>
    <HealthComponent>
        <Health>5</Health>
        <MaxHealth>5</MaxHealth>
    </HealthComponent>
    <EnemyAIComponent>
        <DeathAnimation>idle</DeathAnimation>
        <Sound SoundType="Death" SoundName="/GAME/SOUNDS/MOUSEKILL.WAV" />
    </EnemyAIComponent>
    <PatrolEnemyAIStateComponent>
        <IsAlwaysIdle>true</IsAlwaysIdle>
        <StatePriority>0</StatePriority>
        <PatrolSpeed>1.300000</PatrolSpeed>
        <!-- DEFINED IN CODE -->
        <LeftPatrolBorder>0</LeftPatrolBorder>
        <!-- DEFINED IN CODE -->
        <RightPatrolBorder>0</RightPatrolBorder>
        <RetainDirection>false</RetainDirection>
        <IdleAction>
            <AnimationDelay>0</AnimationDelay>
            <Animation>idle</Animation>
        </IdleAction>
        <WalkAction>
            <Animation>walk</Animation>
        </WalkAction>
    </PatrolEnemyAIStateComponent>
    <PunkRatAIStateComponent>
        <StatePriority>10</StatePriority>
        <CannonActorPrototype>ActorPrototype_Level2_PunkRatCannon</CannonActorPrototype>
        <CannonSpawnOffset x="10" y="10" />
        <RatFireAnim>strike</RatFireAnim>
        <RatRecoilAnim>recoil</RatRecoilAnim>
        <CannonFireAnim>firing</CannonFireAnim>
        <CannonIdleAnim>home</CannonIdleAnim>
        <RatFireAnimFrameIdx>2</RatFireAnimFrameIdx>
        <CannonFireAnimFrameIdx>2</CannonFireAnimFrameIdx>
        <ProjectileSpawnOffset x="25" y="-15" />
        <ProjectileActorPrototype>ActorPrototype_Level2_CannonBall</ProjectileActorPrototype>
    </PunkRatAIStateComponent>
    <PhysicsComponent>
        <CollisionSize width="40" height="41" />
        <ActorFixture>
            <Size width="40" height="40" />
        </ActorFixture>
    </PhysicsComponent>
    <DamageAuraComponent>
        <ActorFixture>
            <Size width="30" height="26" />
        </ActorFixture>
    </DamageAuraComponent>
</Actor>