<Actor Type="Level6_TownGuard1" Parent="ActorPrototype_BaseEnemy" ActorPrototypeName="ActorPrototype_Level6_TownGuard1">
    <ActorRenderComponent>
        <ZCoord>1020</ZCoord>
        <ImagePath>/LEVEL6/IMAGES/TOWNGUARD1/*</ImagePath>
        <Palette>/LEVEL6/PALETTES/MAIN.PAL</Palette>
    </ActorRenderComponent>
    <AnimationComponent>
        <AnimationPath>/LEVEL6/ANIS/TOWNGUARD1/*</AnimationPath>
        <PauseOnStart>false</PauseOnStart>
    </AnimationComponent>
    <HealthComponent>
        <Health>20</Health>
        <MaxHealth>20</MaxHealth>
    </HealthComponent>
    <EnemyAIComponent>
        <DeathAnimation>killfall</DeathAnimation>
        <Sounds>
            <Sound SoundType="TakeDamage" SoundName="/LEVEL1/SOUNDS/HIT1.WAV" />
            <Sound SoundType="Death" SoundName="/LEVEL6/SOUNDS/TOWNGUARD/00350008.WAV" />
            <Sound SoundType="MeleeAttack" SoundName="/LEVEL6/SOUNDS/TOWNGUARD/OFCDKSTB.WAV" />
        </Sounds>
        <MinTimeIntervalForSpeechSound>5000</MinTimeIntervalForSpeechSound>
    </EnemyAIComponent>
    <TakeDamageAIStateComponent>
        <StatePriority>0</StatePriority>
        <TakeDamageAnimation>hithigh</TakeDamageAnimation>
        <InvulnerabilityTime>0</InvulnerabilityTime>
    </TakeDamageAIStateComponent>
    <PatrolEnemyAIStateComponent>
        <IsAlwaysIdle>false</IsAlwaysIdle>
        <StatePriority>0</StatePriority>
        <PatrolSpeed>1.300000</PatrolSpeed>
        <LeftPatrolBorder>0</LeftPatrolBorder> <!-- DEFINED IN CODE -->
        <RightPatrolBorder>0</RightPatrolBorder> <!-- DEFINED IN CODE -->
        <RetainDirection>false</RetainDirection>
        <WalkAction>
            <Animation>fastadvance</Animation>
        </WalkAction>
        <IdleAction>
            <AnimationDelay>0</AnimationDelay>
            <Animation>idle1</Animation>
        </IdleAction>
    </PatrolEnemyAIStateComponent>
    <MeleeAttackAIStateComponent>
        <StatePriority>20</StatePriority>
        <Attacks>
            <AttackAction>
                <Animation>strike2</Animation>
                <AttackAnimFrameIdx>5</AttackAnimFrameIdx>
                <AttackType>0</AttackType>
                <AttackFxImageSet>NONE</AttackFxImageSet>
                <AttackSpawnPositionOffset x="-30" y="0" />
                <AttackAreaSize width="130" height="50" />
                <Damage>10</Damage>
                <AgroSensorFixture>
                    <FixtureType>EnemyAIMeleeSensor</FixtureType>
                    <CollisionShape>Rectangle</CollisionShape>
                    <IsSensor>true</IsSensor>
                    <Size width="180" height="50" />
                    <Offset x="0" y="0" />
                    <CollisionFlag>4</CollisionFlag>
                    <CollisionMask>2</CollisionMask>
                    <Friction>0.000000</Friction>
                    <Density>0.000000</Density>
                    <Restitution>-1.#QNAN0</Restitution>
                </AgroSensorFixture>
            </AttackAction>
        </Attacks>
        <AttackSpeech>
            <AttackSpeechSound>/LEVEL6/SOUNDS/TOWNGUARD/00370019.WAV</AttackSpeechSound>
            <AttackSpeechSound>/LEVEL6/SOUNDS/TOWNGUARD/00370021.WAV</AttackSpeechSound>
            <AttackSpeechSound>/LEVEL6/SOUNDS/TOWNGUARD/00370013.WAV</AttackSpeechSound>
            <AttackSpeechSound>/LEVEL6/SOUNDS/TOWNGUARD/00390002.WAV</AttackSpeechSound>
            <AttackSpeechSound>/LEVEL6/SOUNDS/TOWNGUARD/00390028.WAV</AttackSpeechSound>
            <AttackSpeechSound>/LEVEL6/SOUNDS/TOWNGUARD/00390034.WAV</AttackSpeechSound>
            <AttackSpeechSoundPlayChance>100</AttackSpeechSoundPlayChance>
        </AttackSpeech>
    </MeleeAttackAIStateComponent>
    <DuckMeleeAttackAIStateComponent>
        <StatePriority>15</StatePriority>
        <Attacks>
            <AttackAction>
                <Animation>strike1</Animation>
                <AttackAnimFrameIdx>5</AttackAnimFrameIdx>
                <AttackType>0</AttackType>
                <AttackFxImageSet>NONE</AttackFxImageSet>
                <AttackSpawnPositionOffset x="-30" y="25" />
                <AttackAreaSize width="130" height="50" />
                <Damage>10</Damage>
                <AgroSensorFixture>
                    <FixtureType>EnemyAIDuckMeleeSensor</FixtureType>
                    <CollisionShape>Rectangle</CollisionShape>
                    <IsSensor>true</IsSensor>
                    <Size width="165" height="25" />
                    <Offset x="0" y="20" />
                    <CollisionFlag>4</CollisionFlag>
                    <CollisionMask>2</CollisionMask>
                    <Friction>0.000000</Friction>
                    <Density>0.000000</Density>
                    <Restitution>0.000000</Restitution>
                </AgroSensorFixture>
            </AttackAction>
        </Attacks>
    </DuckMeleeAttackAIStateComponent>
</Actor>