<Actor Type="Level9_CrazyHook" Parent="ActorPrototype_BaseEnemy" ActorPrototypeName="ActorPrototype_Level9_CrazyHook">
    <ActorRenderComponent>
        <ZCoord>30</ZCoord>
        <ImagePath>/LEVEL9/IMAGES/CRAZYHOOK/*</ImagePath>
        <Palette>/LEVEL9/PALETTES/MAIN.PAL</Palette>
    </ActorRenderComponent>
    <AnimationComponent>
        <AnimationPath>/LEVEL9/ANIS/CRAZYHOOK/*.ANI</AnimationPath>
        <PauseOnStart>false</PauseOnStart>
    </AnimationComponent>
    <HealthComponent>
        <Health>30</Health>
        <MaxHealth>30</MaxHealth>
    </HealthComponent>
    <EnemyAIComponent>
        <DeathAnimation>killfall</DeathAnimation>
        <Sounds>
            <Sound SoundType="TakeDamage" SoundName="/LEVEL1/SOUNDS/HIT1.WAV" />
            <Sound SoundType="Death" SoundName="/LEVEL9/SOUNDS/CRAZYHOOK/00420008.WAV" />
            <Sound SoundType="MeleeAttack" SoundName="/LEVEL9/SOUNDS/CRAZYHOOK/HOOKSWING1.WAV" />
        </Sounds>
        <MinTimeIntervalForSpeechSound>5000</MinTimeIntervalForSpeechSound>
    </EnemyAIComponent>
    <TakeDamageAIStateComponent>
        <StatePriority>0</StatePriority>
        <TakeDamageAnimation>hithigh</TakeDamageAnimation>
        <InvulnerabilityTime>0</InvulnerabilityTime>
    </TakeDamageAIStateComponent>
    <PatrolEnemyAIStateComponent>
        <IsAlwaysIdle>false</IsAlwaysIdle>
        <StatePriority>0</StatePriority>
        <PatrolSpeed>1.300000</PatrolSpeed>
        <LeftPatrolBorder>0</LeftPatrolBorder> <!-- DEFINED IN CODE -->
        <RightPatrolBorder>0</RightPatrolBorder> <!-- DEFINED IN CODE -->
        <RetainDirection>false</RetainDirection>
        <WalkAction>
            <Animation>fastadvance</Animation>
        </WalkAction>
        <IdleAction>
            <AnimationDelay>0</AnimationDelay>
            <Animation>idle1</Animation>
        </IdleAction>
        <IdleSpeech>
            <IdleSpeechSound>/LEVEL9/SOUNDS/CRAZYHOOK/00420002.WAV</IdleSpeechSound>
            <IdleSpeechSound>/LEVEL9/SOUNDS/CRAZYHOOK/00420003.WAV</IdleSpeechSound>
            <IdleSpeechSound>/LEVEL9/SOUNDS/CRAZYHOOK/00420004.WAV</IdleSpeechSound>
            <IdleSpeechSoundMaxDistance>350</IdleSpeechSoundMaxDistance>
            <IdleSpeechSoundPlayChance>60</IdleSpeechSoundPlayChance>
        </IdleSpeech>
    </PatrolEnemyAIStateComponent>
    <MeleeAttackAIStateComponent>
        <StatePriority>20</StatePriority>
        <AttackDelay>250</AttackDelay>
        <Attacks>
            <AttackAction>
                <Animation>strike1</Animation>
                <AttackAnimFrameIdx>3</AttackAnimFrameIdx>
                <AttackType>0</AttackType>
                <AttackFxImageSet>NONE</AttackFxImageSet>
                <AttackSpawnPositionOffset x="-30" y="0" />
                <AttackAreaSize width="130" height="50" />
                <Damage>10</Damage>
                <AgroSensorFixture>
                    <FixtureType>EnemyAIMeleeSensor</FixtureType>
                    <CollisionShape>Rectangle</CollisionShape>
                    <IsSensor>true</IsSensor>
                    <Size width="180" height="50" />
                    <Offset x="0" y="0" />
                    <CollisionFlag>4</CollisionFlag>
                    <CollisionMask>2</CollisionMask>
                    <Friction>0.000000</Friction>
                    <Density>0.000000</Density>
                    <Restitution>-1.#QNAN0</Restitution>
                </AgroSensorFixture>
            </AttackAction>
        </Attacks>
        <AttackSpeech>
            <AttackSpeechSound>/LEVEL9/SOUNDS/CRAZYHOOK/00420021.WAV</AttackSpeechSound>
            <AttackSpeechSound>/LEVEL9/SOUNDS/CRAZYHOOK/00420010.WAV</AttackSpeechSound>
            <AttackSpeechSound>/LEVEL9/SOUNDS/CRAZYHOOK/00420009.WAV</AttackSpeechSound>
            <AttackSpeechSoundPlayChance>100</AttackSpeechSoundPlayChance>
        </AttackSpeech>
    </MeleeAttackAIStateComponent>
    <DuckMeleeAttackAIStateComponent>
        <StatePriority>15</StatePriority>
        <AttackDelay>250</AttackDelay>
        <Attacks>
            <AttackAction>
                <Animation>strike2</Animation>
                <AttackAnimFrameIdx>2</AttackAnimFrameIdx>
                <AttackType>0</AttackType>
                <AttackFxImageSet>NONE</AttackFxImageSet>
                <AttackSpawnPositionOffset x="-30" y="25" />
                <AttackAreaSize width="130" height="50" />
                <Damage>10</Damage>
                <AgroSensorFixture>
                    <FixtureType>EnemyAIDuckMeleeSensor</FixtureType>
                    <CollisionShape>Rectangle</CollisionShape>
                    <IsSensor>true</IsSensor>
                    <Size width="165" height="25" />
                    <Offset x="0" y="20" />
                    <CollisionFlag>4</CollisionFlag>
                    <CollisionMask>2</CollisionMask>
                    <Friction>0.000000</Friction>
                    <Density>0.000000</Density>
                    <Restitution>0.000000</Restitution>
                </AgroSensorFixture>
            </AttackAction>
        </Attacks>
    </DuckMeleeAttackAIStateComponent>
    <ParryEnemyAIStateComponent>
        <StatePriority>0</StatePriority>
        <ParryChances>
            <ParryChance DamageType="DamageType_Bullet" Chance="50" />
            <ParryChance DamageType="DamageType_MeleeAttack" Chance="33" />
        </ParryChances>
        <ParrySounds>
            <ParrySound>/LEVEL9/SOUNDS/CRAZYHOOK/BLOCK1.WAV</ParrySound>
            <ParrySound>/LEVEL9/SOUNDS/CRAZYHOOK/BLOCK2.WAV</ParrySound>
        </ParrySounds>
        <ParryAnimFrameIdx>0</ParryAnimFrameIdx>
        <ParryAnimation>block</ParryAnimation>
    </ParryEnemyAIStateComponent>
</Actor>