<Actor Type="Level9_DartProjectile" Parent="ActorPrototype_BaseProjectile" ActorPrototypeName="ActorPrototype_Level9_DartProjectile">
	<ActorRenderComponent>
		<ImagePath>/LEVEL9/IMAGES/PROJECTILES/ARROWRIGHT001.PID</ImagePath>
		<Palette>/LEVEL9/PALETTES/MAIN.PAL</Palette>
	</ActorRenderComponent>
	<ProjectileAIComponent>
		<Damage>5</Damage>
		<ProjectileType>DamageType_Bullet</ProjectileType>
		<!-- CAN BE MODIFIED IN CODE -->
		<ProjectileSpeed x="9.00000" y="0.000000" /> 
	</ProjectileAIComponent>
	<PhysicsComponent>
        <CollisionFlag>262144</CollisionFlag>
        <CollisionMask>1048834</CollisionMask>
		<CollisionSize width="20" height="100" />
		<PositionOffset x="-10" y="0" />
    </PhysicsComponent>
</Actor>