<Actor Type="Level9_PuffDartSpawner" Parent="ActorPrototype_BaseProjectileSpawner" ActorPrototypeName="ActorPrototype_Level9_PuffDartSpawner">
	<ActorRenderComponent>
		<ImagePath>OVERRIDEN_IN_CODE</ImagePath>
		<Palette>/LEVEL9/PALETTES/MAIN.PAL</Palette>
	</ActorRenderComponent>
	<AnimationComponent>
        <AnimationPath>/LEVEL9/ANIS/SHOOTERS/*.ANI</AnimationPath>
    </AnimationComponent>
	<ProjectileSpawnerComponent>
        <IdleAnim>INVISIBLE</IdleAnim>
        <FireAnim>OVERRIDEN_IN_CODE</FireAnim>
        <IsAlwaysOn>false</IsAlwaysOn>
        <StartSpawnDelay>0</StartSpawnDelay>
        <MinSpawnDelay>400</MinSpawnDelay>
        <MaxSpawnDelay>400</MaxSpawnDelay>
        <TriggerAreaSize width="OVERRIDEN_IN_CODE" height="OVERRIDEN_IN_CODE" />
        <TriggerAreaOffset x="OVERRIDEN_IN_CODE" y="OVERRIDEN_IN_CODE" />
        <TriggerCollisionMask>2</TriggerCollisionMask>
        <ProjectileSpawnAnimFrameIdx>0</ProjectileSpawnAnimFrameIdx>
        <ProjectilePrototype>OVERRIDEN_IN_CODE</ProjectilePrototype>
        <ProjectileDirection>OVERRIDEN_IN_CODE</ProjectileDirection>
        <ProjectileSpawnOffset x="0" y="0" />
    </ProjectileSpawnerComponent>
</Actor>