<Actor Type="Level9_PegLeg" Parent="ActorPrototype_BaseEnemy" ActorPrototypeName="ActorPrototype_Level9_PegLeg">
    <ActorRenderComponent>
        <ImagePath>/LEVEL9/IMAGES/PEGLEG/*</ImagePath>
        <Palette>/LEVEL9/PALETTES/MAIN.PAL</Palette>
    </ActorRenderComponent>
    <AnimationComponent>
        <AnimationPath>/LEVEL9/ANIS/PEGLEG/*.ANI</AnimationPath>
        <PauseOnStart>false</PauseOnStart>
    </AnimationComponent>
    <HealthComponent>
        <Health>20</Health>
        <MaxHealth>20</MaxHealth>
    </HealthComponent>
    <EnemyAIComponent>
        <DeathAnimation>killfall</DeathAnimation>
        <Sounds>
            <Sound SoundType="TakeDamage" SoundName="/LEVEL1/SOUNDS/HIT1.WAV" />
            <Sound SoundType="Death" SoundName="/LEVEL9/SOUNDS/PEGLEG/00410003.WAV" />
            <Sound SoundType="Death" SoundName="/LEVEL9/SOUNDS/PEGLEG/00410004.WAV" />
            <Sound SoundType="RangedAttack" SoundName="/LEVEL9/SOUNDS/PEGLEG/SOLGUNFR8-22.WAV" />
        </Sounds>
        <MinTimeIntervalForSpeechSound>5000</MinTimeIntervalForSpeechSound>
    </EnemyAIComponent>
    <TakeDamageAIStateComponent>
        <StatePriority>0</StatePriority>
        <TakeDamageAnimation>hithigh</TakeDamageAnimation>
        <InvulnerabilityTime>0</InvulnerabilityTime>
    </TakeDamageAIStateComponent>
    <PatrolEnemyAIStateComponent>
        <IsAlwaysIdle>false</IsAlwaysIdle>
        <StatePriority>0</StatePriority>
        <PatrolSpeed>1.200000</PatrolSpeed>
        <LeftPatrolBorder>0</LeftPatrolBorder>   <!-- DEFINED IN CODE -->
        <RightPatrolBorder>0</RightPatrolBorder> <!-- DEFINED IN CODE -->
        <RetainDirection>false</RetainDirection> 
        <WalkAction>
            <Animation>fastadvance</Animation>
        </WalkAction>
        <IdleAction>
            <AnimationDelay>0</AnimationDelay>
            <Animation>idle</Animation>
            <Animation>idle1</Animation>
            <Animation>idle2</Animation>
            <Animation>idle3</Animation>
        </IdleAction>
    </PatrolEnemyAIStateComponent>
    <RollEnemyAIStateComponent>
        <StatePriority>100</StatePriority>
        <RollSpeed>4</RollSpeed>
        <ForwardRollAnimation>forwardroll</ForwardRollAnimation>
        <BackwardRollAnimation>backwardroll</BackwardRollAnimation>
        <RollSensorFixtureDef>
            <FixtureType>Trigger_RollAreaSensor</FixtureType>
            <CollisionShape>Rectangle</CollisionShape>
            <IsSensor>true</IsSensor>
            <Size width="400" height="60" />
            <Offset x="0" y="0" />
            <CollisionFlag>4</CollisionFlag>
            <CollisionMask>2</CollisionMask>
            <Friction>0.000000</Friction>
            <Density>0.000000</Density>
            <Restitution>0.000000</Restitution>
        </RollSensorFixtureDef>
    </RollEnemyAIStateComponent>
    <RangedAttackAIStateComponent>
        <StatePriority>10</StatePriority>
        <AttackDelay>250</AttackDelay>
        <Attacks>
            <AttackAction>
                <Animation>strike1</Animation>
                <AttackAnimFrameIdx>2</AttackAnimFrameIdx>
                <AttackType>1</AttackType>
                <ProjectilePrototype>ActorPrototype_Level9_BulletProjectile</ProjectilePrototype>
                <AttackSpawnPositionOffset x="-40" y="-17" />
                <AttackAreaSize width="0" height="0" />
                <Damage>10</Damage>
                <AgroSensorFixture>
                    <FixtureType>EnemyAIRangedSensor</FixtureType>
                    <CollisionShape>Rectangle</CollisionShape>
                    <IsSensor>true</IsSensor>
                     <Size width="1000" height="60" />
                    <Offset x="0" y="5" />
                    <CollisionFlag>4</CollisionFlag>
                    <CollisionMask>2</CollisionMask>
                    <Friction>0.000000</Friction>
                    <Density>0.000000</Density>
                    <Restitution>0.000000</Restitution>
                </AgroSensorFixture>
            </AttackAction>
            <AttackAction>
                <Animation>strike2</Animation>
                <AttackAnimFrameIdx>2</AttackAnimFrameIdx>
                <AttackType>1</AttackType>
                <ProjectilePrototype>ActorPrototype_Level9_BulletProjectile</ProjectilePrototype>
                <AttackSpawnPositionOffset x="-45" y="15" />
                <AttackAreaSize width="0" height="0" />
                <Damage>10</Damage>
                <AgroSensorFixture>
                    <FixtureType>EnemyAIRangedSensor</FixtureType>
                    <CollisionShape>Rectangle</CollisionShape>
                    <IsSensor>true</IsSensor>
                    <Size width="1000" height="60" />
                    <Offset x="0" y="5" />
                    <CollisionFlag>4</CollisionFlag>
                    <CollisionMask>2</CollisionMask>
                    <Friction>0.000000</Friction>
                    <Density>0.000000</Density>
                    <Restitution>0.000000</Restitution>
                </AgroSensorFixture>
            </AttackAction>
        </Attacks>
        <AttackSpeech>
            <AttackSpeechSound>/LEVEL9/SOUNDS/PEGLEG/00410001.WAV</AttackSpeechSound>
            <AttackSpeechSound>/LEVEL9/SOUNDS/PEGLEG/00410002.WAV</AttackSpeechSound>
            <AttackSpeechSoundPlayChance>65</AttackSpeechSoundPlayChance>
        </AttackSpeech>
    </RangedAttackAIStateComponent>
    <FollowableComponent>
        <Offset x="-5" y="-82" />
        <ImageSet>/GAME/IMAGES/EXCLAMATION/*</ImageSet>
        <AnimationPath></AnimationPath>
    </FollowableComponent>
    <PhysicsComponent>
        <ActorFixture>
            <Size width="40" height="80" />
        </ActorFixture>
    </PhysicsComponent>
</Actor>