<Actor Type="Level11_Fish" Parent="ActorPrototype_BaseEnemy" ActorPrototypeName="ActorPrototype_Level11_Fish">
    <ActorRenderComponent>
        <ImagePath>/LEVEL11/IMAGES/FISH/*</ImagePath>
        <Palette>/LEVEL11/PALETTES/MAIN.PAL</Palette>
    </ActorRenderComponent>
    <AnimationComponent>
        <AnimationPath>/LEVEL11/ANIS/FISH/*.ANI</AnimationPath>
    </AnimationComponent>
    <HealthComponent>
        <Health>5</Health>
        <MaxHealth>5</MaxHealth>
    </HealthComponent>
    <EnemyAIComponent>
        <DeathAnimation>killfall</DeathAnimation>
        <Sounds>
	        <Sound SoundType="Death" SoundName="/LEVEL11/SOUNDS/FISH/FISHDEATH.WAV" />
	        <Sound SoundType="MeleeAttack" SoundName="/LEVEL11/SOUNDS/FISH/CHOMP1.WAV" />
        </Sounds>
    </EnemyAIComponent>
    <PatrolEnemyAIStateComponent>
        <IsAlwaysIdle>false</IsAlwaysIdle>
        <StatePriority>0</StatePriority>
        <PatrolSpeed>1.300000</PatrolSpeed>
        <!-- DEFINED IN CODE -->
        <LeftPatrolBorder>0</LeftPatrolBorder>
        <!-- DEFINED IN CODE -->
        <RightPatrolBorder>0</RightPatrolBorder>
        <RetainDirection>false</RetainDirection>
        <IdleAction>
            <AnimationDelay>250</AnimationDelay>
            <Animation>idle1</Animation>
            <Animation>idle2</Animation>
        </IdleAction>
        <WalkAction>
            <Animation>swim</Animation>
        </WalkAction>
    </PatrolEnemyAIStateComponent>
    <MeleeAttackAIStateComponent>
        <StatePriority>20</StatePriority>
        <Attacks>
            <AttackAction>
                <Animation>strike1</Animation>
                <AttackAnimFrameIdx>2</AttackAnimFrameIdx>
                <AttackType>0</AttackType>
                <AttackFxImageSet>NONE</AttackFxImageSet>
                <AttackSpawnPositionOffset x="-30" y="0" />
                <AttackAreaSize width="80" height="40" />
                <Damage>10</Damage>
                <AgroSensorFixture>
                    <FixtureType>EnemyAIMeleeSensor</FixtureType>
                    <CollisionShape>Rectangle</CollisionShape>
                    <IsSensor>true</IsSensor>
                    <Size width="80" height="50" />
                    <Offset x="0" y="0" />
                    <CollisionFlag>4</CollisionFlag>
                    <CollisionMask>2</CollisionMask>
                </AgroSensorFixture>
            </AttackAction>
        </Attacks>
    </MeleeAttackAIStateComponent>
    <PhysicsComponent>
        <CollisionSize width="40" height="41" />
        <ActorFixture>
            <Size width="40" height="40" />
        </ActorFixture>
    </PhysicsComponent>
    <DamageAuraComponent>
        <ActorFixture>
            <Size width="30" height="26" />
        </ActorFixture>
    </DamageAuraComponent>
</Actor>