<Actor Type="Level11_SirenProjectile" Parent="ActorPrototype_BaseProjectile" ActorPrototypeName="ActorPrototype_Level11_SirenProjectile">
	<ActorRenderComponent>
		<Mirrored>false</Mirrored>
		<ImagePath>/LEVEL11/IMAGES/SIRENPROJECTILE/*</ImagePath>
		<Palette>/LEVEL11/PALETTES/MAIN.PAL</Palette>
	</ActorRenderComponent>
	<AnimationComponent>
		<SpecialAnimation>
			<Type>cycle</Type>
			<FrameDuration>75</FrameDuration>
			<HasPositionDelay>false</HasPositionDelay>
		</SpecialAnimation>
	</AnimationComponent>
	<ProjectileAIComponent>
		<Damage>10</Damage>
		<ProjectileType>DamageType_Bullet</ProjectileType>
		<!-- CAN BE MODIFIED IN CODE -->
		<ProjectileSpeed x="10.00000" y="0.000000" /> 
	</ProjectileAIComponent>
	<PhysicsComponent>
        <CollisionFlag>262144</CollisionFlag>
        <CollisionMask>1048834</CollisionMask>
    </PhysicsComponent>
</Actor>