<Actor Type="Level11_Mercat" Parent="ActorPrototype_BaseEnemy" ActorPrototypeName="ActorPrototype_Level11_Mercat">
    <ActorRenderComponent>
        <ImagePath>/LEVEL11/IMAGES/MERCAT/*</ImagePath>
        <Palette>/LEVEL11/PALETTES/MAIN.PAL</Palette>
    </ActorRenderComponent>
    <AnimationComponent>
        <AnimationPath>/LEVEL11/ANIS/MERCAT/*.ANI</AnimationPath>
        <PauseOnStart>false</PauseOnStart>
    </AnimationComponent>
    <HealthComponent>
        <Health>30</Health>
        <MaxHealth>30</MaxHealth>
    </HealthComponent>
    <EnemyAIComponent>
        <DeathAnimation>killfall</DeathAnimation>
        <Sounds>
            <Sound SoundType="TakeDamage" SoundName="/LEVEL11/SOUNDS/MERCAT/00440012.WAV" />
            <Sound SoundType="TakeDamage" SoundName="/LEVEL11/SOUNDS/MERCAT/00440013.WAV" />
            <Sound SoundType="Death" SoundName="/LEVEL11/SOUNDS/MERCAT/00440014.WAV" />
            <Sound SoundType="Death" SoundName="/LEVEL11/SOUNDS/MERCAT/00440015.WAV" />
            <Sound SoundType="MeleeAttack" SoundName="/LEVEL11/SOUNDS/MERCAT/STAB.WAV" />
			<Sound SoundType="RangedAttack" SoundName="/LEVEL11/SOUNDS/MERCAT/TLIGHTNING.WAV" />
        </Sounds>
        <MinTimeIntervalForSpeechSound>5000</MinTimeIntervalForSpeechSound>
    </EnemyAIComponent>
    <ParryEnemyAIStateComponent>
        <StatePriority>0</StatePriority>
        <ParryChances>
            <ParryChance DamageType="DamageType_Bullet" Chance="15" />
            <ParryChance DamageType="DamageType_MeleeAttack" Chance="1" />
        </ParryChances>
        <ParrySounds>
            <ParrySound>/LEVEL11/SOUNDS/MERCAT/BLOCK1.WAV</ParrySound>
            <ParrySound>/LEVEL11/SOUNDS/MERCAT/BLOCK2.WAV</ParrySound>
        </ParrySounds>
        <ParryAnimFrameIdx>0</ParryAnimFrameIdx>
        <ParryAnimation>block</ParryAnimation>
    </ParryEnemyAIStateComponent>
    <MeleeAttackAIStateComponent>
        <StatePriority>20</StatePriority>
        <AttackDelay>5000</AttackDelay>
        <Attacks>
            <AttackAction>
                <Animation>strike1</Animation>
                <AttackAnimFrameIdx>2</AttackAnimFrameIdx>
                <AttackType>0</AttackType>
                <AttackFxImageSet>NONE</AttackFxImageSet>
                <AttackSpawnPositionOffset x="-42" y="2" />
                <AttackAreaSize width="130" height="50" />
                <Damage>10</Damage>
                <AgroSensorFixture>
                    <FixtureType>EnemyAIMeleeSensor</FixtureType>
                    <CollisionShape>Rectangle</CollisionShape>
                    <IsSensor>true</IsSensor>
                    <Size width="180" height="50" />
                    <Offset x="0" y="0" />
                    <CollisionFlag>4</CollisionFlag>
                    <CollisionMask>2</CollisionMask>
                </AgroSensorFixture>
            </AttackAction>
        </Attacks>
    </MeleeAttackAIStateComponent>
    <RangedAttackAIStateComponent>
        <StatePriority>10</StatePriority>
        <AttackDelay>3000</AttackDelay>
        <Attacks>
            <AttackAction>
                <Animation>strike1</Animation>
                <AttackAnimFrameIdx>2</AttackAnimFrameIdx>
                <ProjectilePrototype>ActorPrototype_Level11_TridentProjectile</ProjectilePrototype>
                <AttackSpawnPositionOffset x="-42" y="2" />
                <AttackAreaSize width="0" height="0" />
                <Damage>20</Damage>
                <AgroSensorFixture>
                    <FixtureType>EnemyAIRangedSensor</FixtureType>
                    <CollisionShape>Rectangle</CollisionShape>
                    <IsSensor>true</IsSensor>
                    <Size width="1000" height="30" />
                    <Offset x="0" y="-20" />
                    <CollisionFlag>4</CollisionFlag>
                    <CollisionMask>2</CollisionMask>
                    <Friction>0.000000</Friction>
                    <Density>0.000000</Density>
                    <Restitution>0.000000</Restitution>
                </AgroSensorFixture>
            </AttackAction>
        </Attacks>
        <AttackSpeech>
            <AttackSpeechSound>/LEVEL11/SOUNDS/MERCAT/00440002.WAV</AttackSpeechSound>
            <AttackSpeechSound>/LEVEL11/SOUNDS/MERCAT/00440003.WAV</AttackSpeechSound>
            <AttackSpeechSound>/LEVEL11/SOUNDS/MERCAT/00440004.WAV</AttackSpeechSound>
            <AttackSpeechSound>/LEVEL11/SOUNDS/MERCAT/00440006.WAV</AttackSpeechSound>
            <AttackSpeechSound>/LEVEL11/SOUNDS/MERCAT/00440007.WAV</AttackSpeechSound>
            <AttackSpeechSound>/LEVEL11/SOUNDS/MERCAT/00440009.WAV</AttackSpeechSound>
            <AttackSpeechSoundPlayChance>20</AttackSpeechSoundPlayChance>
        </AttackSpeech>
    </RangedAttackAIStateComponent>
    <TakeDamageAIStateComponent>
        <StatePriority>0</StatePriority>
        <TakeDamageAnimation>hithigh</TakeDamageAnimation>
        <InvulnerabilityTime>0</InvulnerabilityTime>
    </TakeDamageAIStateComponent>
    <PatrolEnemyAIStateComponent>
        <IsAlwaysIdle>false</IsAlwaysIdle>
        <StatePriority>0</StatePriority>
        <PatrolSpeed>1.200000</PatrolSpeed>
        <LeftPatrolBorder>0</LeftPatrolBorder>   <!-- DEFINED IN CODE -->
        <RightPatrolBorder>0</RightPatrolBorder> <!-- DEFINED IN CODE -->
        <RetainDirection>false</RetainDirection> 
        <WalkAction>
            <Animation>fastadvance</Animation>
        </WalkAction>
        <IdleAction>
            <AnimationDelay>750</AnimationDelay>
            <Animation>home</Animation>
            <Animation>idle1</Animation>
            <Animation>idle2</Animation>
            <Animation>idle3</Animation>
            <Animation>idle4</Animation>
        </IdleAction>
    </PatrolEnemyAIStateComponent>
    <FollowableComponent>
        <Offset x="-5" y="-82" />
        <ImageSet>/GAME/IMAGES/EXCLAMATION/*</ImageSet>
        <AnimationPath></AnimationPath>
    </FollowableComponent>
    <PhysicsComponent>
        <ActorFixture>
            <Size width="40" height="80" />
        </ActorFixture>
    </PhysicsComponent>
</Actor>