<Actor Type="Level11_Siren" Parent="ActorPrototype_BaseEnemy" ActorPrototypeName="ActorPrototype_Level11_Siren">
    <ActorRenderComponent>
        <ImagePath>/LEVEL11/IMAGES/SIREN/*</ImagePath>
        <Palette>/LEVEL11/PALETTES/MAIN.PAL</Palette>
    </ActorRenderComponent>
    <AnimationComponent>
        <AnimationPath>/LEVEL11/ANIS/SIREN/*.ANI</AnimationPath>
        <PauseOnStart>false</PauseOnStart>
    </AnimationComponent>
    <HealthComponent>
        <Health>20</Health>
        <MaxHealth>20</MaxHealth>
    </HealthComponent>
    <EnemyAIComponent>
        <DeathAnimation>killfall</DeathAnimation>
        <Sounds>
            <Sound SoundType="Death" SoundName="/LEVEL11/SOUNDS/SIREN/00980001.WAV" />
            <Sound SoundType="RangedAttack" SoundName="/LEVEL11/SOUNDS/SIREN/SIRENCALL.WAV" />
        </Sounds>
        <MinTimeIntervalForSpeechSound>5000</MinTimeIntervalForSpeechSound>
    </EnemyAIComponent>
    <TakeDamageAIStateComponent>
        <StatePriority>0</StatePriority>
        <TakeDamageAnimation>hithigh</TakeDamageAnimation>
        <InvulnerabilityTime>0</InvulnerabilityTime>
    </TakeDamageAIStateComponent>
    <PatrolEnemyAIStateComponent>
        <IsAlwaysIdle>false</IsAlwaysIdle>
        <StatePriority>0</StatePriority>
        <PatrolSpeed>1.200000</PatrolSpeed>
        <LeftPatrolBorder>0</LeftPatrolBorder>   <!-- DEFINED IN CODE -->
        <RightPatrolBorder>0</RightPatrolBorder> <!-- DEFINED IN CODE -->
        <RetainDirection>false</RetainDirection> 
        <WalkAction>
            <Animation>fastadvance</Animation>
        </WalkAction>
        <IdleAction>
            <AnimationDelay>0</AnimationDelay>
            <Animation>idle</Animation>
        </IdleAction>
        <IdleSpeech>
            <IdleSpeechSound>/LEVEL11/SOUNDS/SIREN/00460005.WAV</IdleSpeechSound>
            <IdleSpeechSound>/LEVEL11/SOUNDS/SIREN/00460006.WAV</IdleSpeechSound>
            <IdleSpeechSoundMaxDistance>350</IdleSpeechSoundMaxDistance>
            <IdleSpeechSoundPlayChance>60</IdleSpeechSoundPlayChance>
        </IdleSpeech>
    </PatrolEnemyAIStateComponent>
    <RangedAttackAIStateComponent>
        <StatePriority>10</StatePriority>
        <AttackDelay>100</AttackDelay>
        <Attacks>
            <AttackAction>
                <Animation>strike1</Animation>
                <AttackAnimFrameIdx>6</AttackAnimFrameIdx>
                <ProjectilePrototype>ActorPrototype_Level11_SirenProjectile</ProjectilePrototype>
                <AttackSpawnPositionOffset x="-42" y="2" />
                <AttackAreaSize width="0" height="0" />
                <Damage>10</Damage>
                <AgroSensorFixture>
                    <FixtureType>EnemyAIRangedSensor</FixtureType>
                    <CollisionShape>Rectangle</CollisionShape>
                    <IsSensor>true</IsSensor>
                    <Size width="1000" height="30" />
                    <Offset x="0" y="-20" />
                    <CollisionFlag>4</CollisionFlag>
                    <CollisionMask>2</CollisionMask>
                    <Friction>0.000000</Friction>
                    <Density>0.000000</Density>
                    <Restitution>0.000000</Restitution>
                </AgroSensorFixture>
            </AttackAction>
        </Attacks>
        <AttackSpeech>
            <AttackSpeechSound>/LEVEL11/SOUNDS/SIREN/00460007.WAV</AttackSpeechSound>
            <AttackSpeechSound>/LEVEL11/SOUNDS/SIREN/00980002.WAV</AttackSpeechSound>
            <AttackSpeechSoundPlayChance>20</AttackSpeechSoundPlayChance>
        </AttackSpeech>
    </RangedAttackAIStateComponent>
    <FollowableComponent>
        <Offset x="-5" y="-82" />
        <ImageSet>/GAME/IMAGES/EXCLAMATION/*</ImageSet>
        <AnimationPath></AnimationPath>
    </FollowableComponent>
    <PhysicsComponent>
        <ActorFixture>
            <Size width="40" height="80" />
        </ActorFixture>
    </PhysicsComponent>
</Actor>