<LevelMetadata>
    <LevelNumber>9</LevelNumber>
    <LevelName>Pirates Cove</LevelName>
    <LogicsToActorPrototypes>
        <LogicToActorPrototype logic="Elevator" actorPrototype="ActorPrototype_BaseElevator" />
        <LogicToActorPrototype logic="OneWayTriggerElevator" actorPrototype="ActorPrototype_BaseElevator" />
        <LogicToActorPrototype logic="OneWayStartElevator" actorPrototype="ActorPrototype_BaseElevator" />
        <LogicToActorPrototype logic="PathElevator" actorPrototype="ActorPrototype_BasePathElevator" />
        <LogicToActorPrototype logic="Seagull" actorPrototype="ActorPrototype_Level9_Seagull" />
        <LogicToActorPrototype logic="SpringBoard" actorPrototype="ActorPrototype_Level9_SpringBoard" />
        <LogicToActorPrototype logic="TProjectile" actorPrototype="ActorPrototype_Level9_PuffDartSpawner" />
        <LogicToActorPrototype logic="SawBlade" actorPrototype="ActorPrototype_Level9_SawBlade" />
        <LogicToActorPrototype logic="SawBlade2" actorPrototype="ActorPrototype_Level9_SawBlade" />
        <LogicToActorPrototype logic="SawBlade3" actorPrototype="ActorPrototype_Level9_SawBlade" />
        <LogicToActorPrototype logic="SawBlade4" actorPrototype="ActorPrototype_Level9_SawBlade" />
        <LogicToActorPrototype logic="SkullCannon" actorPrototype="ActorPrototype_Level9_SkullCannon" />
        <LogicToActorPrototype logic="CrazyHook" actorPrototype="ActorPrototype_Level9_CrazyHook" />
        <LogicToActorPrototype logic="PegLeg" actorPrototype="ActorPrototype_Level9_PegLeg" />
        <LogicToActorPrototype logic="ConveyorBelt" actorPrototype="ActorPrototype_Level9_ConveyorBelt" />
    </LogicsToActorPrototypes>
    <ClawSpawnPositions>
        <ClawSpawnPosition spawnNumber="0" x="1594" y="7750" />
        <ClawSpawnPosition spawnNumber="1" x="8721" y="7759" />
        <ClawSpawnPosition spawnNumber="2" x="14289" y="7756" />
    </ClawSpawnPositions>
    <TopLadderEnds>
        <TopLadderEnd tileId="52" offsetX="0" offsetY="16" />
        <TopLadderEnd tileId="95" offsetX="0" offsetY="16" />
        <TopLadderEnd tileId="141" offsetX="0" offsetY="42" />
        <TopLadderEnd tileId="161" offsetX="0" offsetY="16" />
        <TopLadderEnd tileId="169" offsetX="0" offsetY="0" />
    </TopLadderEnds>
    <TileDeathEffect type="NONE" offsetX="0" offsetY="0" />
</LevelMetadata>