<Actor Type="Level2_RatProjectile" Parent="ActorPrototype_BaseProjectile" ActorPrototypeName="ActorPrototype_Level2_RatProjectile">
	<ActorRenderComponent>
		<ImagePath>/GAME/IMAGES/PROJECTILES/FIRESWORD/*</ImagePath>
	</ActorRenderComponent>
	<ProjectileAIComponent>
		<Damage>30</Damage>
		<ProjectileType>DamageType_Bullet</ProjectileType>
		<!-- CAN BE MODIFIED IN CODE -->
		<ProjectileSpeed x="9.500000" y="0.000000" /> 
	</ProjectileAIComponent>
	<PhysicsComponent>
        <CollisionFlag>262144</CollisionFlag>
        <CollisionMask>1048834</CollisionMask>
		<CollisionSize width="100" height="40" /> 
    </PhysicsComponent>
</Actor>