<Actor Type="Officer" ActorPrototypeName="ActorPrototype_Level2_Officer">
    <PositionComponent>
        <Position x="-1" y="-1" /> <!-- DEFINED IN CODE -->
    </PositionComponent>
    <ActorRenderComponent>
        <Visible>true</Visible>
        <Mirrored>false</Mirrored>
        <Inverted>false</Inverted>
        <ZCoord>4000</ZCoord>
        <ImagePath>/LEVEL2/IMAGES/OFFICER/*</ImagePath>
        <Palette>/LEVEL2/PALETTES/MAIN.PAL</Palette>
    </ActorRenderComponent>
    <AnimationComponent>
        <AnimationPath>/LEVEL2/ANIS/OFFICER/*</AnimationPath>
        <PauseOnStart>false</PauseOnStart>
    </AnimationComponent>
    <TriggerComponent>
        <TriggerFinitedTimes>1000</TriggerFinitedTimes>
    </TriggerComponent>
    <HealthComponent>
        <Health>20</Health>
        <MaxHealth>20</MaxHealth>
    </HealthComponent>
    <LootComponent>
        <!-- DEFINED IN CODE -->
    </LootComponent>
    <EnemyAIComponent>
        <DeathAnimation>fall</DeathAnimation>
        <Sound SoundType="TakeDamage" SoundName="/LEVEL1/SOUNDS/HIT1.WAV" />
        <Sound SoundType="Death" SoundName="/LEVEL1/SOUNDS/OFFICER/00340014.WAV" />
        <Sound SoundType="Death" SoundName="/LEVEL1/SOUNDS/OFFICER/00340015.WAV" />
        <Sound SoundType="MeleeAttack" SoundName="/LEVEL1/SOUNDS/OFFICER/OFCSWSTB8-22.WAV" />
    </EnemyAIComponent>
    <TakeDamageAIStateComponent>
        <StatePriority>0</StatePriority>
        <TakeDamageAnimation>hithigh</TakeDamageAnimation>
        <InvulnerabilityTime>0</InvulnerabilityTime>
    </TakeDamageAIStateComponent>
    <PatrolEnemyAIStateComponent>
        <IsAlwaysIdle>false</IsAlwaysIdle>
        <StatePriority>0</StatePriority>
        <PatrolSpeed>1.300000</PatrolSpeed>
        <LeftPatrolBorder>0</LeftPatrolBorder> <!-- DEFINED IN CODE -->
        <RightPatrolBorder>0</RightPatrolBorder> <!-- DEFINED IN CODE -->
        <RetainDirection>false</RetainDirection>
        <WalkAction>
            <Animation>fastadvance</Animation>
        </WalkAction>
        <IdleAction>
            <AnimationDelay>900</AnimationDelay>
            <Animation>stand1</Animation>
            <Animation>stand2</Animation>
            <Animation>stand3</Animation>
            <Animation>stand4</Animation>
            <Animation>stand5</Animation>
        </IdleAction>
    </PatrolEnemyAIStateComponent>
    <MeleeAttackAIStateComponent>
        <StatePriority>20</StatePriority>
        <Attacks>
            <AttackAction>
                <Animation>strike</Animation>
                <AttackAnimFrameIdx>3</AttackAnimFrameIdx>
                <AttackType>0</AttackType>
                <AttackFxImageSet>NONE</AttackFxImageSet>
                <AttackSpawnPositionOffset x="-30" y="0" />
                <AttackAreaSize width="130" height="50" />
                <Damage>10</Damage>
                <AgroSensorFixture>
                    <FixtureType>EnemyAIMeleeSensor</FixtureType>
                    <CollisionShape>Rectangle</CollisionShape>
                    <IsSensor>true</IsSensor>
                    <Size width="180" height="50" />
                    <Offset x="0" y="0" />
                    <CollisionFlag>4</CollisionFlag>
                    <CollisionMask>2</CollisionMask>
                    <Friction>0.000000</Friction>
                    <Density>0.000000</Density>
                    <Restitution>-1.#QNAN0</Restitution>
                </AgroSensorFixture>
            </AttackAction>
        </Attacks>
    </MeleeAttackAIStateComponent>
    <DuckMeleeAttackAIStateComponent>
        <StatePriority>15</StatePriority>
        <Attacks>
            <AttackAction>
                <Animation>strike1</Animation>
                <AttackAnimFrameIdx>2</AttackAnimFrameIdx>
                <AttackType>0</AttackType>
                <AttackFxImageSet>NONE</AttackFxImageSet>
                <AttackSpawnPositionOffset x="-30" y="25" />
                <AttackAreaSize width="130" height="50" />
                <Damage>10</Damage>
                <AgroSensorFixture>
                    <FixtureType>EnemyAIDuckMeleeSensor</FixtureType>
                    <CollisionShape>Rectangle</CollisionShape>
                    <IsSensor>true</IsSensor>
                    <Size width="165" height="25" />
                    <Offset x="0" y="20" />
                    <CollisionFlag>4</CollisionFlag>
                    <CollisionMask>2</CollisionMask>
                    <Friction>0.000000</Friction>
                    <Density>0.000000</Density>
                    <Restitution>0.000000</Restitution>
                </AgroSensorFixture>
            </AttackAction>
        </Attacks>
    </DuckMeleeAttackAIStateComponent>
    <PhysicsComponent>
        <BodyType>Dynamic</BodyType>
        <HasFootSensor>false</HasFootSensor>
        <HasCapsuleShape>true</HasCapsuleShape>
        <HasBulletBehaviour>false</HasBulletBehaviour>
        <HasSensorBehaviour>false</HasSensorBehaviour>
        <FixtureType>EnemyAI</FixtureType>
        <PositionOffset x="0" y="0" />
        <CollisionShape>Rectangle</CollisionShape>
        <CollisionSize width="50" height="100" />
        <GravityScale>1.000000</GravityScale>
        <HasInitialSpeed>false</HasInitialSpeed>
        <HasInitialImpulse>false</HasInitialImpulse>
        <InitialSpeed x="0" y="0" />
        <CollisionFlag>4</CollisionFlag>
        <CollisionMask>1792</CollisionMask>
        <Friction>0.000000</Friction>
        <Density>0.000000</Density>
        <Restitution>0.000000</Restitution>
        <PrefabType></PrefabType>
        <ActorFixture>
            <FixtureType>EnemyAI</FixtureType>
            <CollisionShape>Rectangle</CollisionShape>
            <IsSensor>true</IsSensor>
            <Size width="40" height="100" />
            <Offset x="0" y="0" />
            <CollisionFlag>4</CollisionFlag>
            <CollisionMask>66618</CollisionMask>
            <Friction>0.000000</Friction>
            <Density>0.000000</Density>
            <Restitution>0.000000</Restitution>
        </ActorFixture>
    </PhysicsComponent>
    <DamageAuraComponent>
        <IsPulsating>true</IsPulsating>
        <IsGroupPulse>false</IsGroupPulse>
        <ApplyAuraOnEnter>true</ApplyAuraOnEnter>
        <RemoveActorAfterPulse>false</RemoveActorAfterPulse>
        <PulseInterval>2000</PulseInterval>
        <ActorFixture>
            <FixtureType>DamageAura</FixtureType>
            <CollisionShape>Rectangle</CollisionShape>
            <IsSensor>true</IsSensor>
            <Size width="40" height="85" />
            <Offset x="0" y="0" />
            <CollisionFlag>262144</CollisionFlag>
            <CollisionMask>2</CollisionMask>
            <Friction>0.000000</Friction>
            <Density>0.000000</Density>
            <Restitution>0.000000</Restitution>
        </ActorFixture>
        <Damage>10</Damage>
    </DamageAuraComponent>
</Actor>