<Actor Type="Level2_LaRaux" Parent="ActorPrototype_BaseEnemy" ActorPrototypeName="ActorPrototype_Level2_LaRaux">
    <ActorRenderComponent>
        <ImagePath>/LEVEL2/IMAGES/RAUX/*</ImagePath>
        <Palette>/LEVEL2/PALETTES/MAIN.PAL</Palette>
    </ActorRenderComponent>
    <AnimationComponent>
        <AnimationPath>/LEVEL2/ANIS/RAUX/*.ANI</AnimationPath>
    </AnimationComponent>
    <HealthComponent>
        <Health>100</Health>
        <MaxHealth>100</MaxHealth>
    </HealthComponent>
    <LootComponent>
        <Item>60</Item>
    </LootComponent>
    <EnemyAIComponent>
        <DeathAnimation>idle</DeathAnimation>
        <Sounds>
            <Sound SoundType="Death" SoundName="/LEVEL2/SOUNDS/RAUX/00840005.WAV" />
            <Sound SoundType="TakeDamage" SoundName="/LEVEL1/SOUNDS/HIT1.WAV" />
        </Sounds>
    </EnemyAIComponent>
    <TakeDamageAIStateComponent>
        <StatePriority>0</StatePriority>
        <TakeDamageAnimation>hithigh</TakeDamageAnimation>
        <InvulnerabilityTime>1000</InvulnerabilityTime>
    </TakeDamageAIStateComponent>
    <PatrolEnemyAIStateComponent>
        <IsAlwaysIdle>false</IsAlwaysIdle>
        <StatePriority>0</StatePriority>
        <PatrolSpeed>1.700000</PatrolSpeed>
        <LeftPatrolBorder>0</LeftPatrolBorder> <!-- DEFINED IN CODE -->
        <RightPatrolBorder>0</RightPatrolBorder> <!-- DEFINED IN CODE -->
        <RetainDirection>false</RetainDirection>
        <WalkAction>
            <Animation>advance</Animation>
        </WalkAction>
    </PatrolEnemyAIStateComponent>
    <MeleeAttackAIStateComponent>
        <StatePriority>20</StatePriority>
        <Attacks>
            <AttackAction>
                <Animation>strike</Animation>
                <AttackAnimFrameIdx>3</AttackAnimFrameIdx>
                <AttackType>0</AttackType>
                <AttackFxImageSet>NONE</AttackFxImageSet>
                <AttackSpawnPositionOffset x="-30" y="0" />
                <AttackAreaSize width="130" height="50" />
                <Damage>10</Damage>
                <AgroSensorFixture>
                    <FixtureType>EnemyAIMeleeSensor</FixtureType>
                    <CollisionShape>Rectangle</CollisionShape>
                    <IsSensor>true</IsSensor>
                    <Size width="180" height="50" />
                    <Offset x="0" y="0" />
                    <CollisionFlag>4</CollisionFlag>
                    <CollisionMask>2</CollisionMask>
                    <Friction>0.000000</Friction>
                    <Density>0.000000</Density>
                    <Restitution>0</Restitution>
                </AgroSensorFixture>
            </AttackAction>
        </Attacks>
    </MeleeAttackAIStateComponent>
    <LaRauxBossAIStateComponent>
        <StatePriority>100</StatePriority>
        <BossDialogAnimation>idle</BossDialogAnimation>
    </LaRauxBossAIStateComponent>
</Actor>