<GameMenu>
    <MenuType>MenuType_IngameMenu</MenuType>
    <StartingPage>MenuPage_Main</StartingPage>
    <BackgroundImage>IngameMenuBackground</BackgroundImage>
    <BackgroundMusic></BackgroundMusic>
    <MenuEnterSound>/STATES/MENU/SOUNDS/SELECT.WAV</MenuEnterSound>
    
    <!-- MAIN (DEFAULT) PAGE -->
    <MenuPage>
        <PageName>MenuPage_Main</PageName>
        <KeyboardEvent>
            <KeyType>Escape</KeyType>
            <GeneratedEvent>
                <Type>ResumeGame</Type>
            </GeneratedEvent>
        </KeyboardEvent>
        <MenuItem>
            <Name>RESUME_GAME_BUTTON</Name>
            <Type>Button</Type>
            <Hotkey>R</Hotkey>
            <State>Active</State>
            <InactiveImage>/GAME/IMAGES/INGAMEMENU/MAIN/001_RETURN.PID</InactiveImage>
            <ActiveImage>/GAME/IMAGES/INGAMEMENU/MAIN/002_RETURN.PID</ActiveImage>
            <Position x="182" y="145" />
            <GeneratedEvent>
                <Type>ResumeGame</Type>
            </GeneratedEvent>
        </MenuItem>
        <MenuItem>
            <Name>END_LIFE_BUTTON</Name>
            <Type>Button</Type>
            <Hotkey>L</Hotkey>
            <State>Inactive</State>
            <InactiveImage>/GAME/IMAGES/INGAMEMENU/MAIN/003_CLAWICIDE.PID</InactiveImage>
            <ActiveImage>/GAME/IMAGES/INGAMEMENU/MAIN/004_CLAWICIDE.PID</ActiveImage>
            <Position x="234" y="180" />
            <GeneratedEvent>
                <Type>SwitchPage</Type>
                <PageName>MenuPage_EndLife</PageName>
            </GeneratedEvent>
        </MenuItem>
        <MenuItem>
            <Name>OPTIONS_BUTTON</Name>
            <Type>Button</Type>
            <Hotkey>O</Hotkey>
            <State>Inactive</State>
            <InactiveImage>/GAME/IMAGES/INGAMEMENU/MAIN/005_OPTIONS.PID</InactiveImage>
            <ActiveImage>/GAME/IMAGES/INGAMEMENU/MAIN/006_OPTIONS.PID</ActiveImage>
            <Position x="238" y="215" />
            <GeneratedEvent>
                <Type>SwitchPage</Type>
                <PageName>MenuPage_SinglePlayer</PageName>
            </GeneratedEvent>
        </MenuItem>
        <MenuItem>
            <Name>HELP_BUTTON</Name>
            <Type>Button</Type>
            <Hotkey>H</Hotkey>
            <State>Inactive</State>
            <InactiveImage>/GAME/IMAGES/INGAMEMENU/MAIN/007_HELP.PID</InactiveImage>
            <ActiveImage>/GAME/IMAGES/INGAMEMENU/MAIN/008_HELP.PID</ActiveImage>
            <Position x="270" y="250" />
            <GeneratedEvent>
                <Type>SwitchPage</Type>
                <PageName>MenuPage_Help</PageName>
            </GeneratedEvent>
        </MenuItem>
        <MenuItem>
            <Name>END_GAME_BUTTON</Name>
            <Type>Button</Type>
            <Hotkey>E</Hotkey>
            <State>Inactive</State>
            <InactiveImage>/GAME/IMAGES/INGAMEMENU/MAIN/009_ENDGAME.PID</InactiveImage>
            <ActiveImage>/GAME/IMAGES/INGAMEMENU/MAIN/010_ENDGAME.PID</ActiveImage>
            <Position x="220" y="285" />
            <GeneratedEvent>
                <Type>SwitchPage</Type>
                <PageName>MenuPage_EndGame</PageName>
            </GeneratedEvent>
        </MenuItem>
    </MenuPage>

    <!-- END GAME PAGE -->
    <MenuPage>
        <PageName>MenuPage_EndGame</PageName>
        <KeyboardEvent>
            <KeyType>Escape</KeyType>
            <GeneratedEvent>
                <Type>SwitchPage</Type>
                <PageName>MenuPage_Main</PageName>
            </GeneratedEvent>
        </KeyboardEvent>
        <MenuItem>
            <Name>QUIT_GAME_TEXT</Name>
            <Type>Text</Type>
            <State>Inactive</State>
            <InactiveImage>/GAME/IMAGES/INGAMEMENU/MAIN/ENDGAME/005_AREYOUSURE.PID</InactiveImage>
            <Position x="176" y="170" />
        </MenuItem>
        <MenuItem>
            <Name>YES_BUTTON</Name>
            <Type>Button</Type>
            <State>Active</State>
            <InactiveImage>/GAME/IMAGES/INGAMEMENU/MAIN/ENDGAME/001_YES.PID</InactiveImage>
            <ActiveImage>/GAME/IMAGES/INGAMEMENU/MAIN/ENDGAME/002_YES.PID</ActiveImage>
            <Position x="282" y="260" />
            <GeneratedEvent>
                <Type>EndGame</Type>
            </GeneratedEvent>
        </MenuItem>
        <MenuItem>
            <Name>NO_BUTTON</Name>
            <Type>Button</Type>
            <State>Inactive</State>
            <InactiveImage>/GAME/IMAGES/INGAMEMENU/MAIN/ENDGAME/003_NO.PID</InactiveImage>
            <ActiveImage>/GAME/IMAGES/INGAMEMENU/MAIN/ENDGAME/004_NO.PID</ActiveImage>
            <Position x="292" y="300" />
            <GeneratedEvent>
                <Type>SwitchPage</Type>
                <PageName>MenuPage_Main</PageName>
            </GeneratedEvent>
        </MenuItem>
    </MenuPage>

    <!-- END LIFE PAGE -->
    <MenuPage>
        <PageName>MenuPage_EndLife</PageName>
        <KeyboardEvent>
            <KeyType>Escape</KeyType>
            <GeneratedEvent>
                <Type>SwitchPage</Type>
                <PageName>MenuPage_Main</PageName>
            </GeneratedEvent>
        </KeyboardEvent>
        <MenuItem>
            <Name>END_LIFE_TEXT</Name>
            <Type>Text</Type>
            <State>Inactive</State>
            <InactiveImage>/GAME/IMAGES/INGAMEMENU/MAIN/CLAWICIDE/005_AREYOUSURE.PID</InactiveImage>
            <Position x="142" y="170" />
        </MenuItem>
        <MenuItem>
            <Name>YES_BUTTON</Name>
            <Type>Button</Type>
            <State>Active</State>
            <InactiveImage>/GAME/IMAGES/INGAMEMENU/MAIN/CLAWICIDE/001_YES.PID</InactiveImage>
            <ActiveImage>/GAME/IMAGES/INGAMEMENU/MAIN/CLAWICIDE/002_YES.PID</ActiveImage>
            <Position x="282" y="260" />
            <GeneratedEvent>
                <Type>EndLife</Type>
            </GeneratedEvent>
        </MenuItem>
        <MenuItem>
            <Name>NO_BUTTON</Name>
            <Type>Button</Type>
            <State>Inactive</State>
            <InactiveImage>/GAME/IMAGES/INGAMEMENU/MAIN/CLAWICIDE/003_NO.PID</InactiveImage>
            <ActiveImage>/GAME/IMAGES/INGAMEMENU/MAIN/CLAWICIDE/004_NO.PID</ActiveImage>
            <Position x="292" y="300" />
            <GeneratedEvent>
                <Type>SwitchPage</Type>
                <PageName>MenuPage_Main</PageName>
            </GeneratedEvent>
        </MenuItem>
    </MenuPage>

    <!-- HELP PAGE -->
    <MenuPage>
        <PageName>MenuPage_Help</PageName>
        <BackgroundImage>/STATES/HELP/SCREENS/HELP.PCX</BackgroundImage>
        <KeyboardEvent>
            <KeyType>Escape</KeyType>
            <GeneratedEvent>
                <Type>SwitchPage</Type>
                <PageName>MenuPage_Main</PageName>
            </GeneratedEvent>
        </KeyboardEvent>
        <KeyboardEvent>
            <KeyType>Space</KeyType>
            <GeneratedEvent>
                <Type>SwitchPage</Type>
                <PageName>MenuPage_Main</PageName>
            </GeneratedEvent>
        </KeyboardEvent>
        <KeyboardEvent>
            <KeyType>Enter</KeyType>
            <GeneratedEvent>
                <Type>SwitchPage</Type>
                <PageName>MenuPage_Main</PageName>
            </GeneratedEvent>
        </KeyboardEvent>
    </MenuPage>
</GameMenu>
