<Actor Type="Level7_SteppingGround" Parent="ActorPrototype_BaseSteppingGround" ActorPrototypeName="ActorPrototype_Level7_SteppingGround">
	<PositionComponent>
		<!-- DEFINED IN CODE -->
		<Position x="-1" y="-1" /> 
	</PositionComponent>
	<ActorRenderComponent>
		<ImagePath>/LEVEL7/IMAGES/SINKBOEY/*</ImagePath>
	</ActorRenderComponent>
	<SteppingGroundComponent>
		<ToggleFrameIdx>1</ToggleFrameIdx>
        <TimeOn>150</TimeOn>
        <TimeOff>500</TimeOff>
        <ToggleSound>/LEVEL7/SOUNDS/BOUYRISE.WAV</ToggleSound>
    </SteppingGroundComponent>
</Actor>