<Actor Type="Level7_CrumblingPeg" Parent="ActorPrototype_BaseCrumblingPeg" ActorPrototypeName="ActorPrototype_Level7_CrumblingPeg">
	<ActorRenderComponent>
		<ImagePath>/LEVEL7/IMAGES/CRUMBLINPEG/*</ImagePath>
		<Palette>/LEVEL7/PALETTES/MAIN.PAL</Palette>
	</ActorRenderComponent>
	<CrumblingPegAIComponent>
		<CrumbleDelay>0</CrumbleDelay> <!-- DEFINED IN CODE -->
		<CrumbleFrameIdx>9</CrumbleFrameIdx> <!-- DEFINED IN CODE -->
		<CrumbleSound>/LEVEL1/SOUNDS/PEGCRUMBLE.WAV</CrumbleSound> <!-- DEFINED IN CODE -->
	</CrumblingPegAIComponent>
</Actor>