<Actor Type="Level7_BearSailor" Parent="ActorPrototype_BaseEnemy" ActorPrototypeName="ActorPrototype_Level7_BearSailor">
    <ActorRenderComponent>
        <ZCoord>0</ZCoord>
        <ImagePath>/LEVEL7/IMAGES/BEARSAILOR/*</ImagePath>
        <Palette>/LEVEL7/PALETTES/MAIN.PAL</Palette>
    </ActorRenderComponent>
    <AnimationComponent>
        <AnimationPath>/LEVEL7/ANIS/BEARSAILOR/*.ANI</AnimationPath>
        <PauseOnStart>false</PauseOnStart>
    </AnimationComponent>
    <HealthComponent>
        <Health>30</Health>
        <MaxHealth>30</MaxHealth>
    </HealthComponent>
    <EnemyAIComponent>
        <DeathAnimation>killfall</DeathAnimation>
        <Sounds>
            <Sound SoundType="TakeDamage" SoundName="/LEVEL1/SOUNDS/HIT1.WAV" />
            <Sound SoundType="Death" SoundName="/GAME/SOUNDS/NULL.WAV" />
            <Sound SoundType="MeleeAttack" SoundName="/LEVEL7/SOUNDS/BEARSAILOR/BEARGRAB.WAV" />
        </Sounds>
        <MinTimeIntervalForSpeechSound>5000</MinTimeIntervalForSpeechSound>
    </EnemyAIComponent>
    <TakeDamageAIStateComponent>
        <StatePriority>0</StatePriority>
        <TakeDamageAnimation>hithigh</TakeDamageAnimation>
        <InvulnerabilityTime>0</InvulnerabilityTime>
    </TakeDamageAIStateComponent>
    <PatrolEnemyAIStateComponent>
        <IsAlwaysIdle>false</IsAlwaysIdle>
        <StatePriority>0</StatePriority>
        <PatrolSpeed>1.300000</PatrolSpeed>
        <LeftPatrolBorder>0</LeftPatrolBorder> <!-- DEFINED IN CODE -->
        <RightPatrolBorder>0</RightPatrolBorder> <!-- DEFINED IN CODE -->
        <RetainDirection>false</RetainDirection>
        <WalkAction>
            <Animation>fastadvance</Animation>
        </WalkAction>
        <IdleAction>
            <AnimationDelay>0</AnimationDelay>
            <Animation>idle</Animation>
        </IdleAction>
        <IdleSpeech>
            <IdleSpeechSound>/LEVEL7/SOUNDS/BEARSAILOR/00380015.WAV</IdleSpeechSound>
            <IdleSpeechSound>/LEVEL7/SOUNDS/BEARSAILOR/00380018.WAV</IdleSpeechSound>
            <IdleSpeechSound>/LEVEL7/SOUNDS/BEARSAILOR/00380019.WAV</IdleSpeechSound>
            <IdleSpeechSoundMaxDistance>350</IdleSpeechSoundMaxDistance>
            <IdleSpeechSoundPlayChance>50</IdleSpeechSoundPlayChance>
        </IdleSpeech>
    </PatrolEnemyAIStateComponent>
    <MeleeAttackAIStateComponent>
        <StatePriority>20</StatePriority>
        <Attacks>
            <AttackAction>
                <Animation>strike1</Animation>
                <AttackAnimFrameIdx>3</AttackAnimFrameIdx>
                <AttackType>0</AttackType>
                <AttackFxImageSet>NONE</AttackFxImageSet>
                <AttackSpawnPositionOffset x="-30" y="0" />
                <AttackAreaSize width="130" height="50" />
                <Damage>10</Damage>
                <AgroSensorFixture>
                    <FixtureType>EnemyAIMeleeSensor</FixtureType>
                    <CollisionShape>Rectangle</CollisionShape>
                    <IsSensor>true</IsSensor>
                    <Size width="180" height="50" />
                    <Offset x="0" y="0" />
                    <CollisionFlag>4</CollisionFlag>
                    <CollisionMask>2</CollisionMask>
                    <Friction>0.000000</Friction>
                    <Density>0.000000</Density>
                    <Restitution>-1.#QNAN0</Restitution>
                </AgroSensorFixture>
            </AttackAction>
        </Attacks>
        <AttackSpeech>
            <AttackSpeechSound>/LEVEL7/SOUNDS/BEARSAILOR/00380007.WAV</AttackSpeechSound>
            <AttackSpeechSoundPlayChance>100</AttackSpeechSoundPlayChance>
        </AttackSpeech>
    </MeleeAttackAIStateComponent>
    <DuckMeleeAttackAIStateComponent>
        <StatePriority>15</StatePriority>
        <Attacks>
            <AttackAction>
                <Animation>strike4</Animation>
                <AttackAnimFrameIdx>0</AttackAnimFrameIdx>
                <AttackType>0</AttackType>
                <AttackFxImageSet>NONE</AttackFxImageSet>
                <AttackSpawnPositionOffset x="-30" y="25" />
                <AttackAreaSize width="130" height="50" />
                <Damage>10</Damage>
                <AgroSensorFixture>
                    <FixtureType>EnemyAIDuckMeleeSensor</FixtureType>
                    <CollisionShape>Rectangle</CollisionShape>
                    <IsSensor>true</IsSensor>
                    <Size width="165" height="25" />
                    <Offset x="0" y="20" />
                    <CollisionFlag>4</CollisionFlag>
                    <CollisionMask>2</CollisionMask>
                    <Friction>0.000000</Friction>
                    <Density>0.000000</Density>
                    <Restitution>0.000000</Restitution>
                </AgroSensorFixture>
            </AttackAction>
        </Attacks>
    </DuckMeleeAttackAIStateComponent>
</Actor>