<Actor Type="Base_BaseFloorSpike" ActorPrototypeName="ActorPrototype_BaseFloorSpike">
	<PositionComponent>
		<!-- DEFINED IN CODE -->
		<Position x="-1" y="-1" /> 
	</PositionComponent>
	<ActorRenderComponent>
		<Visible>true</Visible>
		<Mirrored>false</Mirrored>
		<Inverted>false</Inverted>
		<ZCoord>5000</ZCoord>
		<ImagePath>NONE</ImagePath>
	</ActorRenderComponent>
    <AnimationComponent>
		<SpecialAnimation>
			<Type>cycle</Type>
			<FrameDuration>100</FrameDuration>
			<HasPositionDelay>false</HasPositionDelay>
		</SpecialAnimation>
	</AnimationComponent>
	<FloorSpikeComponent>
		<ActiveFrameIdx>0</ActiveFrameIdx>
        <StartDelay>0</StartDelay>
        <TimeOn>0</TimeOn>
        <ActivateSound></ActivateSound>
        <DeactivateSound></DeactivateSound>
	</FloorSpikeComponent>
	<PhysicsComponent>
        <BodyType>Static</BodyType>
        <HasFootSensor>false</HasFootSensor>
        <HasCapsuleShape>false</HasCapsuleShape>
        <HasBulletBehaviour>false</HasBulletBehaviour>
        <HasSensorBehaviour>false</HasSensorBehaviour>
        <FixtureType>Solid</FixtureType>
        <PositionOffset x="0" y="0" />
        <CollisionShape>Rectangle</CollisionShape>
        <CollisionSize width="0" height="0" /> <!-- SET ACCORDING TO IMAGE IN PHYSICS COMPONENT -->
        <GravityScale>0.000000</GravityScale>
        <HasInitialSpeed>false</HasInitialSpeed>
        <HasInitialImpulse>false</HasInitialImpulse>
        <InitialSpeed x="0" y="0" />
        <CollisionFlag>1</CollisionFlag>
        <CollisionMask>0</CollisionMask>
        <Friction>0.000000</Friction>
        <Density>0.000000</Density>
        <Restitution>0.000000</Restitution>
        <PrefabType></PrefabType>
    </PhysicsComponent>
    <DamageAuraComponent>
        <IsPulsating>true</IsPulsating>
        <IsGroupPulse>false</IsGroupPulse>
        <ApplyAuraOnEnter>true</ApplyAuraOnEnter>
        <RemoveActorAfterPulse>false</RemoveActorAfterPulse>
        <PulseInterval>1000</PulseInterval>
        <ActorFixture>
            <FixtureType>DamageAura</FixtureType>
            <CollisionShape>Rectangle</CollisionShape>
            <IsSensor>true</IsSensor>
            <Size width="2" height="20" />
            <Offset x="0" y="-5" />
            <CollisionFlag>262144</CollisionFlag>
            <CollisionMask>1048578</CollisionMask>
            <Friction>0.000000</Friction>
            <Density>0.000000</Density>
            <Restitution>0.000000</Restitution>
        </ActorFixture>
        <Damage>10</Damage>
    </DamageAuraComponent>
</Actor>