<Actor Type="Base_BaseRope" ActorPrototypeName="ActorPrototype_BaseRope">
	<PositionComponent>
		<!-- DEFINED IN CODE -->
		<Position x="-1" y="-1" /> 
	</PositionComponent>
	<ActorRenderComponent>
		<Visible>true</Visible>
		<Mirrored>false</Mirrored>
		<Inverted>false</Inverted>
		<ZCoord>0</ZCoord>
		<ImagePath>NONE</ImagePath>
	</ActorRenderComponent>
    <AnimationComponent>
		<SpecialAnimation>
			<Type>cycle</Type>
			<FrameDuration>25</FrameDuration>
			<HasPositionDelay>false</HasPositionDelay>
		</SpecialAnimation>
	</AnimationComponent>
	<RopeComponent>
	</RopeComponent>
</Actor>