<Actor Type="FireSword_Projectile" Parent="ActorPrototype_BaseProjectile" ActorPrototypeName="ActorPrototype_FireSwordProjectile">
	<ActorRenderComponent>
		<imgpath>GAME_PROJECTILES_FIRESWORD</imgpath>
		<ImagePath>/GAME/IMAGES/PROJECTILES/FIRESWORD/*</ImagePath>
	</ActorRenderComponent>
	<ProjectileAIComponent>
		<Damage>100</Damage>
		<ProjectileType>DamageType_FireSword</ProjectileType>
		<!-- CAN BE MODIFIED IN CODE -->
		<ProjectileSpeed x="9.500000" y="0.000000" /> 
	</ProjectileAIComponent>
	<PhysicsComponent>
        <CollisionFlag>32</CollisionFlag>
        <CollisionMask>4420</CollisionMask>
		<CollisionSize width="100" height="40" /> 
    </PhysicsComponent>
</Actor>