<Actor Type="FrostSword_Projectile" Parent="ActorPrototype_BaseProjectile" ActorPrototypeName="ActorPrototype_FrostSwordProjectile">
	<ActorRenderComponent>
		<imgpath>GAME_PROJECTILES_ICESWORD</imgpath>
		<ImagePath>/GAME/IMAGES/PROJECTILES/ICESWORD/*</ImagePath>
	</ActorRenderComponent>
	<ProjectileAIComponent>
		<Damage>100</Damage>
		<ProjectileType>DamageType_FrostSword</ProjectileType>
		<!-- CAN BE MODIFIED IN CODE -->
		<ProjectileSpeed x="9.500000" y="0.000000" /> 
	</ProjectileAIComponent>
	<PhysicsComponent>
        <CollisionFlag>32</CollisionFlag>
        <CollisionMask>4420</CollisionMask>
		<CollisionSize width="100" height="40" /> 
    </PhysicsComponent>
</Actor>