<Actor Type="ActorPrototype_Level12_Aquatis" ActorPrototypeName="ActorPrototype_Level12_Aquatis">
    <PositionComponent>
        <Position x="-1" y="-1" /> <!-- DEFINED IN CODE -->
    </PositionComponent>
    <ActorRenderComponent>
        <Visible>true</Visible>
        <Mirrored>false</Mirrored>
        <Inverted>false</Inverted>
        <ZCoord>2000</ZCoord>
        <ImagePath>/LEVEL12/IMAGES/KINGAQUATIS/*.PID</ImagePath>
        <Palette>/LEVEL12/PALETTES/MAIN.PAL</Palette>
    </ActorRenderComponent>
    <AnimationComponent>
        <AnimationPath>/LEVEL12/ANIS/AQUATIS/*.ANI</AnimationPath>
    </AnimationComponent>
    <HealthComponent>
        <Health>100</Health>
        <MaxHealth>100</MaxHealth>
    </HealthComponent>
    <LootComponent>
        <LootSoundChance>100</LootSoundChance>
    </LootComponent>
    <EnemyAIComponent>
        <DeathAnimation>killfall</DeathAnimation>
        <Sounds>
            <!-- This is when he gets hit by the ceiling icicle which actually hurts him -->
            <Sound SoundType="TakeDamage" SoundName="/LEVEL12/SOUNDS/AQUATIS/00480015.WAV" />
            <Sound SoundType="Death" SoundName="/LEVEL12/SOUNDS/AQUATIS/00480006.WAV" />
            <Sound SoundType="MeleeAttack" SoundName="/LEVEL12/SOUNDS/AQUATIS/00480000.WAV" />
            <Sound SoundType="MeleeAttack" SoundName="/LEVEL12/SOUNDS/AQUATIS/00480001.WAV" />
        </Sounds>
    </EnemyAIComponent>
    <AquatisAIStateComponent>
    	<StatePriority>100</StatePriority>
    	<BossDialogAnimation>home</BossDialogAnimation>
    </AquatisAIStateComponent>
    <TakeDamageAIStateComponent>
        <StatePriority>0</StatePriority>
        <TakeDamageAnimation>hitlow</TakeDamageAnimation>
    </TakeDamageAIStateComponent>
    <PatrolEnemyAIStateComponent>
        <IsAlwaysIdle>true</IsAlwaysIdle>
        <StatePriority>0</StatePriority>
        <PatrolSpeed>0</PatrolSpeed>
        <LeftPatrolBorder>0</LeftPatrolBorder> <!-- DEFINED IN CODE -->
        <RightPatrolBorder>0</RightPatrolBorder> <!-- DEFINED IN CODE -->
        <RetainDirection>true</RetainDirection>
        <IdleAction>
           <AnimationDelay>0</AnimationDelay>
           <Animation>home</Animation>
       </IdleAction>
       <WalkAction>
            <Animation>home</Animation>
        </WalkAction>
    </PatrolEnemyAIStateComponent>
    <MeleeAttackAIStateComponent>
        <StatePriority>20</StatePriority>
        <AttackDelay>200</AttackDelay>
        <Attacks>
            <AttackAction>
                <Animation>strike1</Animation>
                <AttackAnimFrameIdx>3</AttackAnimFrameIdx>
                <AttackType>0</AttackType>
                <AttackFxImageSet>NONE</AttackFxImageSet>
                <AttackSpawnPositionOffset x="-100" y="0" />
                <AttackAreaSize width="150" height="50" />
                <Damage>10</Damage>
                <AgroSensorFixture>
                    <FixtureType>EnemyAIMeleeSensor</FixtureType>
                    <CollisionShape>Rectangle</CollisionShape>
                    <IsSensor>true</IsSensor>
                    <Size width="300" height="50" />
                    <Offset x="0" y="0" />
                    <CollisionFlag>4</CollisionFlag>
                    <CollisionMask>2</CollisionMask>
                    <Friction>0.000000</Friction>
                    <Density>0.000000</Density>
                    <Restitution>0</Restitution>
                </AgroSensorFixture>
            </AttackAction>
        </Attacks>
    </MeleeAttackAIStateComponent>
    <FollowableComponent>
        <Offset x="-5" y="-92" />
        <ImageSet>/GAME/IMAGES/EXCLAMATION/*</ImageSet>
        <AnimationPath></AnimationPath>
    </FollowableComponent>
    <PhysicsComponent>
        <BodyType>Dynamic</BodyType>
        <HasFootSensor>false</HasFootSensor>
        <HasCapsuleShape>true</HasCapsuleShape>
        <HasBulletBehaviour>false</HasBulletBehaviour>
        <HasSensorBehaviour>false</HasSensorBehaviour>
        <FixtureType>EnemyAI</FixtureType>
        <PositionOffset x="0" y="0" />
        <CollisionShape>Rectangle</CollisionShape>
        <CollisionSize width="150" height="100" />
        <HasInitialSpeed>false</HasInitialSpeed>
        <HasInitialImpulse>false</HasInitialImpulse>
        <InitialSpeed x="0" y="0" />
        <CollisionFlag>4</CollisionFlag>
        <CollisionMask>1793</CollisionMask>
        <Friction>0.000000</Friction>
        <Density>0.000000</Density>
        <Restitution>0.000000</Restitution>
        <PrefabType></PrefabType>
        <GravityScale>0</GravityScale>
        <ClampToGround>false</ClampToGround>
        <ActorFixture>
            <FixtureType>EnemyAI</FixtureType>
            <CollisionShape>Rectangle</CollisionShape>
            <IsSensor>true</IsSensor>
            <!-- OVERRIDEN IN PROTOTYPE -->
            <Size width="0" height="0" />
            <Offset x="0" y="0" />
            <CollisionFlag>4</CollisionFlag>
            <CollisionMask>66618</CollisionMask>
            <Friction>0.000000</Friction>
            <Density>0.000000</Density>
            <Restitution>0.000000</Restitution>
        </ActorFixture>
    </PhysicsComponent>
    <DamageAuraComponent>
        <IsPulsating>true</IsPulsating>
        <IsGroupPulse>false</IsGroupPulse>
        <ApplyAuraOnEnter>true</ApplyAuraOnEnter>
        <RemoveActorAfterPulse>false</RemoveActorAfterPulse>
        <PulseInterval>2000</PulseInterval>
        <ActorFixture>
            <FixtureType>DamageAura</FixtureType>
            <CollisionShape>Rectangle</CollisionShape>
            <IsSensor>true</IsSensor>
            <Size width="60" height="60" />
            <Offset x="0" y="0" />
            <CollisionFlag>262144</CollisionFlag>
            <CollisionMask>1048578</CollisionMask>
            <Friction>0.000000</Friction>
            <Density>0.000000</Density>
            <Restitution>0.000000</Restitution>
        </ActorFixture>
        <Damage>10</Damage>
    </DamageAuraComponent>
</Actor>