<Actor Type="Level3_Rat" Parent="ActorPrototype_BaseEnemy" ActorPrototypeName="ActorPrototype_Level3_Rat">
    <ActorRenderComponent>
        <ImagePath>/LEVEL3/IMAGES/RAT/*</ImagePath>
        <Palette>/LEVEL3/PALETTES/MAIN.PAL</Palette>
    </ActorRenderComponent>
    <AnimationComponent>
        <AnimationPath>/LEVEL3/ANIS/RAT/*</AnimationPath>
    </AnimationComponent>
    <HealthComponent>
        <Health>5</Health>
        <MaxHealth>5</MaxHealth>
    </HealthComponent>
    <EnemyAIComponent>
        <DeathAnimation>idle</DeathAnimation>
        <Sound SoundType="Death" SoundName="/GAME/SOUNDS/MOUSEKILL.WAV" />
    </EnemyAIComponent>
    <PatrolEnemyAIStateComponent>
        <IsAlwaysIdle>false</IsAlwaysIdle>
        <StatePriority>0</StatePriority>
        <PatrolSpeed>1.300000</PatrolSpeed>
        <!-- DEFINED IN CODE -->
        <LeftPatrolBorder>0</LeftPatrolBorder>
        <!-- DEFINED IN CODE -->
        <RightPatrolBorder>0</RightPatrolBorder>
        <RetainDirection>false</RetainDirection>
        <IdleAction>
            <AnimationDelay>0</AnimationDelay>
            <Animation>idle</Animation>
        </IdleAction>
        <WalkAction>
            <Animation>walk</Animation>
        </WalkAction>
    </PatrolEnemyAIStateComponent>
    <RangedAttackAIStateComponent>
        <StatePriority>10</StatePriority>
        <Attacks>
            <AttackAction>
                <Animation>throweastwest</Animation>
                <AttackAnimFrameIdx>2</AttackAnimFrameIdx>
                <AttackSpawnPositionOffset x="-10" y="5" />
                <ProjectilePrototype>ActorPrototype_Level3_RatBomb</ProjectilePrototype>
                <AgroSensorFixture>
                    <FixtureType>EnemyAIRangedSensor</FixtureType>
                    <CollisionShape>Rectangle</CollisionShape>
                    <IsSensor>true</IsSensor>
                    <Size width="1000" height="50" />
                    <Offset x="0" y="0" />
                    <CollisionFlag>4</CollisionFlag>
                    <CollisionMask>2</CollisionMask>
                    <Friction>0.000000</Friction>
                    <Density>0.000000</Density>
                    <Restitution>0.000000</Restitution>
                </AgroSensorFixture>
            </AttackAction>
        </Attacks>
    </RangedAttackAIStateComponent>
    <PhysicsComponent>
        <CollisionSize width="40" height="41" />
        <ActorFixture>
            <Size width="40" height="40" />
        </ActorFixture>
    </PhysicsComponent>
    <DamageAuraComponent>
        <ActorFixture>
            <Size width="30" height="26" />
        </ActorFixture>
    </DamageAuraComponent>
</Actor>