<Actor Type="Level3_RatBomb" Parent="ActorPrototype_BaseProjectile" ActorPrototypeName="ActorPrototype_Level3_RatBomb">
	<ActorRenderComponent>
		<Mirrored>true</Mirrored>
		<ImagePath>/LEVEL3/IMAGES/RATBOMB/*</ImagePath>
		<Palette>/LEVEL3/PALETTES/MAIN.PAL</Palette>
	</ActorRenderComponent>
	<AnimationComponent>
		<AnimationPath>/LEVEL3/ANIS/RATBOMB/FALLEASTWEST.ANI</AnimationPath>
	</AnimationComponent>
	<ProjectileAIComponent>
		<Damage>20</Damage>
		<ProjectileType>DamageType_Explosion</ProjectileType>
		<!-- CAN BE MODIFIED IN CODE -->
		<ProjectileSpeed x="9.00000" y="0.000000" /> 
	</ProjectileAIComponent>
	<PhysicsComponent>
        <CollisionFlag>262144</CollisionFlag>
        <CollisionMask>1048834</CollisionMask>
		<CollisionSize width="25" height="25" />
		<PositionOffset x="-10" y="0" />
    </PhysicsComponent>
</Actor>