<Actor Type="Base_BossStager" ActorPrototypeName="ActorPrototype_BaseBossStager">
	<PositionComponent>
        <!-- DEFINED IN CODE -->
		<Position x="-1" y="-1" /> 
	</PositionComponent>
	<ActorRenderComponent>
		<Visible>false</Visible>
		<Mirrored>false</Mirrored>
		<Inverted>false</Inverted>
		<ZCoord>2000</ZCoord>
		<ImagePath>/GAME/IMAGES/SOUNDICON/*</ImagePath>
		<Palette>/LEVEL1/PALETTES/MAIN.PAL</Palette>
	</ActorRenderComponent>
    <BossStagerTriggerComponent>
        <BossDistance>300</BossDistance>
        <CameraSpeed>300</CameraSpeed>
        <!-- DEFINED IN CHILD XML -->
        <ClawDialogSound>__NONE__</ClawDialogSound>
        <!-- DEFINED IN CHILD XML -->
        <BossDialogSound>__NONE__</BossDialogSound>
        <!-- DEFINED IN CHILD XML -->
        <PopupTitleImageSet>__NONE__</PopupTitleImageSet>
        <!-- DEFINED IN CHILD XML -->
        <PopupTitleSound>__NONE__</PopupTitleSound>
        <PopupTitleSpeed>200</PopupTitleSpeed>
    </BossStagerTriggerComponent>
	<TriggerComponent>
        <TriggerUnlimited>true</TriggerUnlimited>
        <IsStatic>false</IsStatic>
    </TriggerComponent>
    <PhysicsComponent>
        <BodyType>Static</BodyType>
        <HasFootSensor>false</HasFootSensor>
        <HasCapsuleShape>false</HasCapsuleShape>
        <HasBulletBehaviour>false</HasBulletBehaviour>
        <HasSensorBehaviour>true</HasSensorBehaviour>
        <FixtureType>Trigger</FixtureType>
        <PositionOffset x="0" y="0" />
        <CollisionShape>Rectangle</CollisionShape>
        <CollisionSize width="30" height="128" />
        <GravityScale>1.000000</GravityScale>
        <HasInitialSpeed>false</HasInitialSpeed>
        <HasInitialImpulse>false</HasInitialImpulse>
        <InitialSpeed x="0" y="0" />
        <CollisionFlag>16384</CollisionFlag>
        <CollisionMask>1048578</CollisionMask>
        <Friction>0.000000</Friction>
        <Density>0.000000</Density>
        <Restitution>0.000000</Restitution>
        <PrefabType></PrefabType>
    </PhysicsComponent>
</Actor>