<Actor Type="Level4_Katherine" Parent="ActorPrototype_BaseEnemy" ActorPrototypeName="ActorPrototype_Level4_Katherine">
    <ActorRenderComponent>
        <ImagePath>/LEVEL4/IMAGES/KATHERINE/*</ImagePath>
        <Palette>/LEVEL4/PALETTES/MAIN.PAL</Palette>
    </ActorRenderComponent>
    <AnimationComponent>
        <AnimationPath>/LEVEL4/ANIS/KATHERINE/*.ANI</AnimationPath>
    </AnimationComponent>
    <HealthComponent>
        <Health>150</Health>
        <MaxHealth>150</MaxHealth>
    </HealthComponent>
    <LootComponent>
        <Item>60</Item>
    </LootComponent>
    <EnemyAIComponent>
        <DeathAnimation>idle</DeathAnimation>
        <Sounds>
            <Sound SoundType="Death" SoundName="/LEVEL4/SOUNDS/KATHERINE/00470002.WAV" />
            <Sound SoundType="TakeDamage" SoundName="/LEVEL1/SOUNDS/HIT1.WAV" />
        </Sounds>
    </EnemyAIComponent>
    <TakeDamageAIStateComponent>
        <StatePriority>0</StatePriority>
        <TakeDamageAnimation>hithigh</TakeDamageAnimation>
        <InvulnerabilityTime>1000</InvulnerabilityTime>
    </TakeDamageAIStateComponent>
    <PatrolEnemyAIStateComponent>
        <IsAlwaysIdle>false</IsAlwaysIdle>
        <StatePriority>0</StatePriority>
        <PatrolSpeed>1.700000</PatrolSpeed>
        <LeftPatrolBorder>0</LeftPatrolBorder> <!-- DEFINED IN CODE -->
        <RightPatrolBorder>0</RightPatrolBorder> <!-- DEFINED IN CODE -->
        <RetainDirection>false</RetainDirection>
        <WalkAction>
            <Animation>walk</Animation>
        </WalkAction>
    </PatrolEnemyAIStateComponent>
    <MeleeAttackAIStateComponent>
        <StatePriority>20</StatePriority>
        <Attacks>
            <AttackAction>
                <Animation>strike1</Animation>
                <AttackAnimFrameIdx>6</AttackAnimFrameIdx>
                <AttackType>0</AttackType>
                <AttackFxImageSet>NONE</AttackFxImageSet>
                <AttackSpawnPositionOffset x="-100" y="0" />
                <AttackAreaSize width="200" height="50" />
                <Damage>10</Damage>
                <AgroSensorFixture>
                    <FixtureType>EnemyAIMeleeSensor</FixtureType>
                    <CollisionShape>Rectangle</CollisionShape>
                    <IsSensor>true</IsSensor>
                    <Size width="400" height="50" />
                    <Offset x="0" y="0" />
                    <CollisionFlag>4</CollisionFlag>
                    <CollisionMask>2</CollisionMask>
                    <Friction>0.000000</Friction>
                    <Density>0.000000</Density>
                    <Restitution>0</Restitution>
                </AgroSensorFixture>
            </AttackAction>
        </Attacks>
    </MeleeAttackAIStateComponent>
    <KatherineBossAIStateComponent>
        <StatePriority>100</StatePriority>
        <BossDialogAnimation>idle</BossDialogAnimation>
    </KatherineBossAIStateComponent>
</Actor>