<Actor Type="Level1_CrumblingPeg" Parent="ActorPrototype_BaseCrumblingPeg" ActorPrototypeName="ActorPrototype_Level1_CrumblingPeg">
	<ActorRenderComponent>
		<ImagePath>/LEVEL1/IMAGES/CRUMBLINGPEG/*</ImagePath>
		<Palette>/LEVEL1/PALETTES/MAIN.PAL</Palette>
	</ActorRenderComponent>
	<CrumblingPegAIComponent>
		<CrumbleDelay>0</CrumbleDelay> <!-- DEFINED IN CODE -->
		<CrumbleFrameIdx>9</CrumbleFrameIdx> <!-- DEFINED IN CODE -->
		<CrumbleSound>/LEVEL1/SOUNDS/PEGCRUMBLE.WAV</CrumbleSound> <!-- DEFINED IN CODE -->
	</CrumblingPegAIComponent>
</Actor>