<Actor Type="Level3_RobberThief" Parent="ActorPrototype_BaseEnemy" ActorPrototypeName="ActorPrototype_Level3_RobberThief">
    <ActorRenderComponent>
        <ImagePath>/LEVEL3/IMAGES/ROBBERTHIEF/*</ImagePath>
        <Palette>/LEVEL3/PALETTES/MAIN.PAL</Palette>
    </ActorRenderComponent>
    <AnimationComponent>
        <AnimationPath>/LEVEL3/ANIS/ROBBERTHIEF/*.ANI</AnimationPath>
    </AnimationComponent>
    <HealthComponent>
        <Health>20</Health>
        <MaxHealth>20</MaxHealth>
    </HealthComponent>
    <EnemyAIComponent>
        <DeathAnimation>thrown</DeathAnimation>
        <Sounds>
            <Sound SoundType="TakeDamage" SoundName="/LEVEL3/SOUNDS/CUTTHROAT/00350010.WAV" />
            <Sound SoundType="MeleeAttack" SoundName="/LEVEL4/SOUNDS/STAB3.WAV" />
            <Sound SoundType="RangedAttack" SoundName="/LEVEL3/SOUNDS/ROBBERTHIEF/ARROWHIGH.WAV" />
        </Sounds>
    </EnemyAIComponent>
    <TakeDamageAIStateComponent>
        <StatePriority>0</StatePriority>
        <TakeDamageAnimation>hithigh</TakeDamageAnimation>
        <InvulnerabilityTime>0</InvulnerabilityTime>
    </TakeDamageAIStateComponent>
    <PatrolEnemyAIStateComponent>
        <IsAlwaysIdle>false</IsAlwaysIdle>
        <StatePriority>0</StatePriority>
        <PatrolSpeed>1.300000</PatrolSpeed>
        <!-- DEFINED IN CODE -->
        <LeftPatrolBorder>0</LeftPatrolBorder>
        <!-- DEFINED IN CODE -->
        <RightPatrolBorder>0</RightPatrolBorder>
        <RetainDirection>false</RetainDirection>
        <IdleAction>
            <AnimationDelay>0</AnimationDelay>
            <Animation>idle</Animation>
        </IdleAction>
        <WalkAction>
            <Animation>fastadvance</Animation>
        </WalkAction>
        <IdleSpeech>
            <IdleSpeechSound>/LEVEL3/SOUNDS/ROBBERTHIEF/00360009.WAV</IdleSpeechSound>
            <IdleSpeechSound>/LEVEL3/SOUNDS/ROBBERTHIEF/00360010.WAV</IdleSpeechSound>
            <IdleSpeechSoundMaxDistance>350</IdleSpeechSoundMaxDistance>
            <IdleSpeechSoundPlayChance>40</IdleSpeechSoundPlayChance>
        </IdleSpeech>
    </PatrolEnemyAIStateComponent>
    <RangedAttackAIStateComponent>
        <StatePriority>10</StatePriority>
        <AttackDelay>100</AttackDelay>
        <Attacks>
            <AttackAction>
                <Animation>strike1</Animation>
                <AttackAnimFrameIdx>6</AttackAnimFrameIdx>
                <ProjectilePrototype>ActorPrototype_Level3_ArrowProjectile</ProjectilePrototype>
                <AttackSpawnPositionOffset x="-42" y="2" />
                <AttackAreaSize width="0" height="0" />
                <Damage>10</Damage>
                <AgroSensorFixture>
                    <FixtureType>EnemyAIRangedSensor</FixtureType>
                    <CollisionShape>Rectangle</CollisionShape>
                    <IsSensor>true</IsSensor>
                    <Size width="1000" height="30" />
                    <Offset x="0" y="-20" />
                    <CollisionFlag>4</CollisionFlag>
                    <CollisionMask>2</CollisionMask>
                    <Friction>0.000000</Friction>
                    <Density>0.000000</Density>
                    <Restitution>0.000000</Restitution>
                </AgroSensorFixture>
            </AttackAction>
        </Attacks>
        <AttackSpeech>
            <AttackSpeechSound>/LEVEL3/SOUNDS/ROBBERTHIEF/00340010.WAV</AttackSpeechSound>
            <AttackSpeechSoundPlayChance>20</AttackSpeechSoundPlayChance>
        </AttackSpeech>
    </RangedAttackAIStateComponent>
    <DuckRangedAttackAIStateComponent>
        <StatePriority>5</StatePriority>
        <AttackDelay>100</AttackDelay>
        <Attacks>
            <AttackAction>
                <Animation>strike2</Animation>
                <AttackAnimFrameIdx>6</AttackAnimFrameIdx>
                <ProjectilePrototype>ActorPrototype_Level3_ArrowProjectile</ProjectilePrototype>
                <AttackSpawnPositionOffset x="-42" y="17" />
                <AttackAreaSize width="0" height="0" />
                <Damage>10</Damage>
                <AgroSensorFixture>
                    <FixtureType>EnemyAIDuckRangedSensor</FixtureType>
                    <CollisionShape>Rectangle</CollisionShape>
                    <IsSensor>true</IsSensor>
                    <Size width="975" height="20" />
                    <Offset x="0" y="25" />
                    <CollisionFlag>4</CollisionFlag>
                    <CollisionMask>2</CollisionMask>
                    <Friction>0.000000</Friction>
                    <Density>0.000000</Density>
                    <Restitution>0.000000</Restitution>
                </AgroSensorFixture>
            </AttackAction>
        </Attacks>
    </DuckRangedAttackAIStateComponent>
</Actor>