<Actor Type="Level5_Seagull" Parent="ActorPrototype_BaseEnemy" ActorPrototypeName="ActorPrototype_Level5_Seagull">
    <ActorRenderComponent>
        <ZCoord>1020</ZCoord>
        <ImagePath>/LEVEL5/IMAGES/SEAGULL/*</ImagePath>
        <Palette>/LEVEL5/PALETTES/MAIN.PAL</Palette>
    </ActorRenderComponent>
    <AnimationComponent>
        <AnimationPath>/LEVEL5/ANIS/SEAGULL/*</AnimationPath>
        <PauseOnStart>false</PauseOnStart>
    </AnimationComponent>
    <HealthComponent>
        <Health>5</Health>
        <MaxHealth>5</MaxHealth>
    </HealthComponent>
    <EnemyAIComponent>
        <DeathAnimation>killfall</DeathAnimation>
        <Sounds>
            <Sound SoundType="Death" SoundName="/LEVEL5/SOUNDS/SEAGULL/SEAGULLDIE.WAV" />
        </Sounds>
    </EnemyAIComponent>
    <DiveAttackAIStateComponent>
        <StatePriority>20</StatePriority>
        <DiveSound>/LEVEL5/SOUNDS/SEAGULL/SEAGULLDIVE.WAV</DiveSound>
        <DiveInAnimation>dive3</DiveInAnimation>
        <DiveOutAnimation>flying</DiveOutAnimation>
        <DiveSpeed>5.0</DiveSpeed>
        <DiveAreaSensorFixture>
            <FixtureType>EnemyAIDiveAreaSensor</FixtureType>
            <CollisionShape>Rectangle</CollisionShape>
            <IsSensor>true</IsSensor>
            <Size width="50" height="50" />
            <Offset x="100" y="150" />
            <CollisionFlag>4</CollisionFlag>
            <CollisionMask>2</CollisionMask>
            <Friction>0.000000</Friction>
            <Density>0.000000</Density>
            <Restitution>-1.#QNAN0</Restitution>
        </DiveAreaSensorFixture>
        <DiveAreaSensorFixture>
            <FixtureType>EnemyAIDiveAreaSensor</FixtureType>
            <CollisionShape>Rectangle</CollisionShape>
            <IsSensor>true</IsSensor>
            <Size width="50" height="50" />
            <Offset x="-100" y="150" />
            <CollisionFlag>4</CollisionFlag>
            <CollisionMask>2</CollisionMask>
            <Friction>0.000000</Friction>
            <Density>0.000000</Density>
            <Restitution>-1.#QNAN0</Restitution>
        </DiveAreaSensorFixture>
    </DiveAttackAIStateComponent>
    <TakeDamageAIStateComponent>
        <StatePriority>0</StatePriority>
        <TakeDamageAnimation>hithigh</TakeDamageAnimation>
        <InvulnerabilityTime>0</InvulnerabilityTime>
    </TakeDamageAIStateComponent>
    <PatrolEnemyAIStateComponent>
        <IsAlwaysIdle>false</IsAlwaysIdle>
        <StatePriority>0</StatePriority>
        <PatrolSpeed>1.300000</PatrolSpeed>
        <LeftPatrolBorder>0</LeftPatrolBorder> <!-- DEFINED IN CODE -->
        <RightPatrolBorder>0</RightPatrolBorder> <!-- DEFINED IN CODE -->
        <RetainDirection>false</RetainDirection>
        <WalkAction>
            <Animation>flying</Animation>
        </WalkAction>
    </PatrolEnemyAIStateComponent>
    <PhysicsComponent>
        <HasCapsuleShape>false</HasCapsuleShape>
        <CollisionSize width="60" height="45" />
        <GravityScale>0.000000</GravityScale>
        <ClampToGround>false</ClampToGround>
    </PhysicsComponent>
    <DamageAuraComponent>
        <ActorFixture>
            <Size width="40" height="40" />
        </ActorFixture>
    </DamageAuraComponent>
</Actor>