<Actor Type="Level8_GabrielBomb" Parent="ActorPrototype_BaseProjectile" ActorPrototypeName="ActorPrototype_Level8_GabrielBomb">
	<ActorRenderComponent>
        <Mirrored>true</Mirrored>
		<ImagePath>/LEVEL8/IMAGES/GABRIELBOMB/*</ImagePath>
		<Palette>/LEVEL8/PALETTES/MAIN.PAL</Palette>
	</ActorRenderComponent>
	<AnimationComponent>
		<AnimationPath>/LEVEL8/ANIS/GABRIELBOMB/FALL.ANI</AnimationPath>
	</AnimationComponent>
	<ProjectileAIComponent>
		<Damage>15</Damage>
		<ProjectileType>DamageType_Explosion</ProjectileType>
		<!-- CAN BE MODIFIED IN CODE -->
		<ProjectileSpeed x="0.00000" y="0.000000" /> 
	</ProjectileAIComponent>
	<PhysicsComponent>
        <CollisionFlag>262144</CollisionFlag>
        <CollisionMask>258</CollisionMask>
		<CollisionSize width="25" height="25" />
		<PositionOffset x="-10" y="0" />
        <GravityScale>1.7</GravityScale>
    </PhysicsComponent>
</Actor>