<Actor Type="Level8_CannonBallProjectile" Parent="ActorPrototype_BaseProjectile" ActorPrototypeName="ActorPrototype_Level8_CannonBall">
	<ActorRenderComponent>
		<ImagePath>/LEVEL8/IMAGES/CANNONBALL/*</ImagePath>
		<Palette>/LEVEL8/PALETTES/MAIN.PAL</Palette>
	</ActorRenderComponent>
	<AnimationComponent>
		<SpecialAnimation>
			<Type>cycle</Type>
			<FrameDuration>75</FrameDuration>
			<HasPositionDelay>false</HasPositionDelay>
		</SpecialAnimation>
	</AnimationComponent>
	<ProjectileAIComponent>
		<Damage>20</Damage>
		<ProjectileType>DamageType_Bullet</ProjectileType>
		<!-- CAN BE MODIFIED IN CODE -->
		<ProjectileSpeed x="9.00000" y="0.000000" /> 
	</ProjectileAIComponent>
	<PhysicsComponent>
        <CollisionFlag>262144</CollisionFlag>
        <CollisionMask>1048834</CollisionMask>
		<CollisionSize width="25" height="25" />
		<PositionOffset x="-10" y="0" />
    </PhysicsComponent>
</Actor>