<Actor Type="BaseProjectileSpawner" ActorPrototypeName="ActorPrototype_BaseProjectileSpawner">
    <PositionComponent>
        <Position x="-1" y="-1" /> <!-- DEFINED IN CODE -->
    </PositionComponent>
    <ActorRenderComponent>
        <Visible>true</Visible>
        <Mirrored>false</Mirrored>
        <Inverted>false</Inverted>
        <ZCoord>4000</ZCoord>
        <ImagePath>NONE</ImagePath>
        <Palette>NONE</Palette>
    </ActorRenderComponent>
    <AnimationComponent>
        <AnimationPath>NONE</AnimationPath>
        <PauseOnStart>false</PauseOnStart>
    </AnimationComponent>
    <EnemyAIComponent>  
    </EnemyAIComponent>
    <PatrolEnemyAIStateComponent>
        <StatePriority>0</StatePriority>
        <IsAlwaysIdle>true</IsAlwaysIdle>
        <IdleAction>
        </IdleAction>
    </PatrolEnemyAIStateComponent>
    <RangedAttackAIStateComponent>
        <StatePriority>10</StatePriority>
        <AlwaysShooting>false</AlwaysShooting>
        <Attacks>
            <AttackAction>
            </AttackAction>
        </Attacks>
    </RangedAttackAIStateComponent>
    <PhysicsComponent>
        <BodyType>Static</BodyType>
        <HasFootSensor>false</HasFootSensor>
        <HasCapsuleShape>false</HasCapsuleShape>
        <HasBulletBehaviour>false</HasBulletBehaviour>
        <HasSensorBehaviour>true</HasSensorBehaviour>
        <FixtureType>EnemyAI</FixtureType>
        <PositionOffset x="0" y="0" />
        <CollisionShape>Rectangle</CollisionShape>
        <CollisionSize width="1" height="1" />
        <GravityScale>0.000000</GravityScale>
        <HasInitialSpeed>false</HasInitialSpeed>
        <HasInitialImpulse>false</HasInitialImpulse>
        <InitialSpeed x="0" y="0" />
        <CollisionFlag>0</CollisionFlag>
        <CollisionMask>0</CollisionMask>
    </PhysicsComponent>
</Actor>